-- MySQL dump 10.19  Distrib 10.3.32-MariaDB, for debian-linux-gnu (x86_64)
--
-- Host: localhost    Database: restaurant-app
-- ------------------------------------------------------
-- Server version	10.3.32-MariaDB-0ubuntu0.20.04.1

/*!40101 SET @OLD_CHARACTER_SET_CLIENT=@@CHARACTER_SET_CLIENT */;
/*!40101 SET @OLD_CHARACTER_SET_RESULTS=@@CHARACTER_SET_RESULTS */;
/*!40101 SET @OLD_COLLATION_CONNECTION=@@COLLATION_CONNECTION */;
/*!40101 SET NAMES utf8mb4 */;
/*!40103 SET @OLD_TIME_ZONE=@@TIME_ZONE */;
/*!40103 SET TIME_ZONE='+00:00' */;
/*!40014 SET @OLD_UNIQUE_CHECKS=@@UNIQUE_CHECKS, UNIQUE_CHECKS=0 */;
/*!40014 SET @OLD_FOREIGN_KEY_CHECKS=@@FOREIGN_KEY_CHECKS, FOREIGN_KEY_CHECKS=0 */;
/*!40101 SET @OLD_SQL_MODE=@@SQL_MODE, SQL_MODE='NO_AUTO_VALUE_ON_ZERO' */;
/*!40111 SET @OLD_SQL_NOTES=@@SQL_NOTES, SQL_NOTES=0 */;

--
-- Table structure for table `categories`
--

DROP TABLE IF EXISTS `categories`;
/*!40101 SET @saved_cs_client     = @@character_set_client */;
/*!40101 SET character_set_client = utf8 */;
CREATE TABLE `categories` (
  `id` int(25) NOT NULL AUTO_INCREMENT,
  `parent` int(25) DEFAULT NULL,
  `name` varchar(255) NOT NULL,
  `description` text DEFAULT NULL,
  `slug` varchar(255) NOT NULL,
  `datetime` datetime NOT NULL,
  PRIMARY KEY (`id`),
  KEY `parent` (`parent`),
  CONSTRAINT `categories_ibfk_1` FOREIGN KEY (`parent`) REFERENCES `categories` (`id`) ON DELETE CASCADE ON UPDATE CASCADE
) ENGINE=InnoDB AUTO_INCREMENT=66 DEFAULT CHARSET=utf8mb4;
/*!40101 SET character_set_client = @saved_cs_client */;

--
-- Dumping data for table `categories`
--

LOCK TABLES `categories` WRITE;
/*!40000 ALTER TABLE `categories` DISABLE KEYS */;
INSERT INTO `categories` VALUES (64,NULL,'Sushi','{\"title\":\"Sushi\",\"url\":\"d7b06b43bc3d8bec4a7e9959704a90e3.webp\"}','sushi','2021-12-12 01:04:56'),(65,NULL,'Soup','{\"title\":\"Soup\",\"url\":\"a2fe55c5cfe6cc7528005ee643bc90fc.webp\"}','soup','2022-01-25 22:03:41');
/*!40000 ALTER TABLE `categories` ENABLE KEYS */;
UNLOCK TABLES;

--
-- Table structure for table `category_meta`
--

DROP TABLE IF EXISTS `category_meta`;
/*!40101 SET @saved_cs_client     = @@character_set_client */;
/*!40101 SET character_set_client = utf8 */;
CREATE TABLE `category_meta` (
  `id` int(25) NOT NULL AUTO_INCREMENT,
  `category_id` int(25) NOT NULL,
  `meta_key` varchar(255) NOT NULL,
  `meta_value` text DEFAULT NULL,
  `datetime` datetime NOT NULL,
  PRIMARY KEY (`id`),
  KEY `post_id` (`category_id`),
  CONSTRAINT `category_meta_ibfk_1` FOREIGN KEY (`category_id`) REFERENCES `categories` (`id`) ON DELETE CASCADE ON UPDATE CASCADE
) ENGINE=InnoDB AUTO_INCREMENT=22 DEFAULT CHARSET=utf8mb4;
/*!40101 SET character_set_client = @saved_cs_client */;

--
-- Dumping data for table `category_meta`
--

LOCK TABLES `category_meta` WRITE;
/*!40000 ALTER TABLE `category_meta` DISABLE KEYS */;
INSERT INTO `category_meta` VALUES (19,64,'options','[\"176\",\"177\"]','2021-12-12 01:04:56'),(20,65,'options','[\"176\"]','2022-01-25 22:03:41'),(21,65,'order','2','2022-01-25 22:03:42');
/*!40000 ALTER TABLE `category_meta` ENABLE KEYS */;
UNLOCK TABLES;

--
-- Table structure for table `post_meta`
--

DROP TABLE IF EXISTS `post_meta`;
/*!40101 SET @saved_cs_client     = @@character_set_client */;
/*!40101 SET character_set_client = utf8 */;
CREATE TABLE `post_meta` (
  `id` int(25) NOT NULL AUTO_INCREMENT,
  `post_id` int(25) NOT NULL,
  `meta_key` varchar(255) NOT NULL,
  `meta_value` text DEFAULT NULL,
  `datetime` datetime NOT NULL,
  PRIMARY KEY (`id`),
  KEY `post_id` (`post_id`),
  CONSTRAINT `post_meta_ibfk_1` FOREIGN KEY (`post_id`) REFERENCES `posts` (`id`) ON DELETE CASCADE ON UPDATE CASCADE
) ENGINE=InnoDB AUTO_INCREMENT=856 DEFAULT CHARSET=utf8mb4;
/*!40101 SET character_set_client = @saved_cs_client */;

--
-- Dumping data for table `post_meta`
--

LOCK TABLES `post_meta` WRITE;
/*!40000 ALTER TABLE `post_meta` DISABLE KEYS */;
INSERT INTO `post_meta` VALUES (819,178,'options','[\"176\",\"177\"]','2022-01-26 02:09:36'),(820,178,'additions','[173,174,175]','2022-01-26 02:09:36'),(821,178,'image','{\"title\":\"Sushi\",\"url\":\"baf1ad25ff684f096cee2f627ee68dff.webp\"}','2021-12-12 01:19:48'),(822,178,'category_id','64','2022-01-26 02:09:36'),(823,179,'options','[\"176\"]','2022-01-26 02:10:16'),(824,179,'additions','[175]','2022-01-26 02:10:16'),(825,179,'image','{\"title\":\"Soup\",\"url\":\"87b61a379c14845330c11a4aa92d610e.webp\"}','2021-12-12 01:20:51'),(826,179,'category_id','65','2022-01-26 02:10:17'),(830,182,'free_product_id','179','2022-01-01 23:30:54'),(831,182,'conditions','[{\"name\":\"Minimum order of 10\",\"type\":\"MINIMUM_ORDER_VALUE\",\"value\":\"10\",\"id\":1}]','2022-01-01 23:30:54'),(832,182,'image','{\"title\":\"Soup\",\"url\":\"0d3d7c01ae1e77d083fa9980b722af10.webp\"}','2021-12-12 01:31:26'),(833,197,'options','[\"176\",\"177\"]','2022-01-26 02:09:05'),(834,197,'additions','[174]','2022-01-26 02:09:05'),(835,197,'image','{\"title\":\"Sushi\",\"url\":\"952d819d28afa4461902374a6f30dbe3.webp\"}','2021-12-15 20:24:18'),(836,197,'category_id','64','2022-01-26 02:09:05'),(837,198,'discount_value','0.1','2022-01-01 23:22:40'),(838,198,'conditions','[{\"name\":\"Minimum order of 10\",\"type\":\"MINIMUM_ORDER_VALUE\",\"value\":\"10\",\"id\":1}]','2022-01-01 23:22:40'),(839,198,'image','{\"title\":\"Discount\",\"url\":\"ebcfb442f4c84a2a9655640fe82b3826.webp\"}','2021-12-20 19:10:38'),(840,219,'discount_value','0.09','2021-12-29 18:50:32'),(841,219,'conditions','[{\"name\":\"Category\",\"type\":\"CATEGORY_ID\",\"value\":\"65\"},{\"name\":\"Day\",\"type\":\"DAY\",\"value\":\"3\"}]','2021-12-29 18:50:32'),(842,219,'image','{\"title\":\"Sushi\",\"url\":\"afbf6ee61030572572dd37fdf7f73b74.webp\"}','2021-12-29 18:50:34'),(843,240,'options','[176]','2022-02-22 23:53:31'),(844,240,'additions','[175,174,173]','2022-02-22 23:53:31'),(845,240,'image','{\"title\":\"Sushi \",\"url\":\"46eba3c0a07a9be8c376fb0550116776.webp\"}','2022-01-03 19:28:24'),(846,240,'category_id','64','2022-02-22 23:53:32'),(847,240,'order','1','2022-02-22 23:53:32'),(848,178,'order','100','2022-01-26 02:09:36'),(849,197,'order','0','2022-01-26 02:09:05'),(850,179,'order','200','2022-01-26 02:10:17'),(851,308,'options','[\"176\"]','2022-01-27 14:46:23'),(852,308,'additions','[]','2022-01-27 14:46:23'),(853,308,'order','1','2022-01-27 14:46:23'),(854,308,'image','{\"title\":\"Sushi\",\"url\":\"01157628286033557e249a5d007ef5f7.webp\"}','2022-01-27 14:46:23'),(855,308,'category_id','65','2022-01-27 14:46:23');
/*!40000 ALTER TABLE `post_meta` ENABLE KEYS */;
UNLOCK TABLES;

--
-- Table structure for table `posts`
--

DROP TABLE IF EXISTS `posts`;
/*!40101 SET @saved_cs_client     = @@character_set_client */;
/*!40101 SET character_set_client = utf8 */;
CREATE TABLE `posts` (
  `id` int(25) NOT NULL AUTO_INCREMENT,
  `user_id` int(25) DEFAULT NULL,
  `title` text DEFAULT NULL,
  `description` text DEFAULT NULL,
  `content` text DEFAULT NULL,
  `post_type` varchar(100) NOT NULL,
  `visible` tinyint(1) NOT NULL DEFAULT 1,
  `comments` tinyint(1) NOT NULL DEFAULT 1,
  `slug` varchar(255) DEFAULT NULL,
  `datetime` datetime NOT NULL,
  `modified` datetime NOT NULL,
  `mime_type` varchar(100) NOT NULL,
  `guid` varchar(255) DEFAULT NULL,
  PRIMARY KEY (`id`),
  KEY `user_id` (`user_id`),
  CONSTRAINT `posts_ibfk_1` FOREIGN KEY (`user_id`) REFERENCES `users` (`id`)
) ENGINE=InnoDB AUTO_INCREMENT=408 DEFAULT CHARSET=utf8mb4;
/*!40101 SET character_set_client = @saved_cs_client */;

--
-- Dumping data for table `posts`
--

LOCK TABLES `posts` WRITE;
/*!40000 ALTER TABLE `posts` DISABLE KEYS */;
INSERT INTO `posts` VALUES (173,240,'Extra Sauce','','1','additions',1,0,'extra-sauce','2021-12-12 00:46:27','2021-12-12 00:46:27','text/plain','wQVfc370'),(174,240,'Chopsticks','','2','additions',1,0,'chopsticks','2021-12-12 00:46:54','2021-12-12 00:46:54','text/plain','faimcJDH'),(175,240,'Water','','1','additions',1,0,'water','2021-12-12 00:47:07','2021-12-12 00:47:07','text/plain','fjaOL9Wb'),(176,240,'Size','','[{\"name\":\"Small\",\"price\":\"0\"},{\"name\":\"Medium\",\"price\":\"5\"},{\"name\":\"Large\",\"price\":\"10\"}]','options',1,0,'size','2021-12-12 00:47:50','2021-12-12 00:47:50','text/plain','bsfKgAcD'),(177,240,'Sauce','','[{\"name\":\"Chili Sauce\",\"price\":\"1\"},{\"name\":\"Tomato Sauce \",\"price\":\"1\"}]','options',1,0,'sauce','2021-12-12 00:49:05','2021-12-12 00:49:05','text/plain','mb7PRUxS'),(178,240,'Sushi','Tasty sushi 🍣','55','products',1,0,'sushi','2021-12-12 01:19:47','2022-01-26 02:09:36','text/plain','hVkhRrjm'),(179,240,'Soup','Lorem Ipsum is simply dummy text of the printing and typesetting industry. Lorem Ipsum has been the industry\'s standard dummy text ever since the 1500s, when an unknown printer took a galley of type and scrambled it to make a type specimen book. It has survived not only five centuries, but also the leap into electronic typesetting, remaining essentially unchanged. It was popularised in the 1960s with the release of Letraset sheets containing Lorem Ipsum passages, and more recently with desktop publishing software like Aldus PageMaker including versions of Lorem Ipsum.','10','products',1,0,'soup','2021-12-12 01:20:50','2022-01-26 02:10:16','text/plain','lZU2HeYz'),(181,240,'Launch Offer','817634','0.1','discounts',1,0,'2022-12-12','2021-12-12 01:23:22','2021-12-12 01:23:22','text/plain','9tAz9m7D'),(182,240,'Free Soup With Sushi','Free soup with sushi 🍣','FREE_PRODUCT','offers',1,0,'free-soup-with-sushi','2021-12-12 01:31:25','2022-01-01 23:30:54','text/plain','GSklRsJi'),(196,240,'Locations','','{\"name\":\"Soup Restaurant\",\"address\":{\"street\":\"St John 21\\/52\",\"city\":\"Carcow\",\"contry\":\"Poland\"},\"phone\":\"+48 21200 2122 221\",\"email\":\"hello@example.com\",\"lat\":40.758895,\"lng\":-73.985131,\"openHours\":[{\"days\":[0],\"openHour\":\"12:00\",\"closeHour\":\"22:00\"},{\"days\":[1,2,3,4,5],\"openHour\":\"13:00\",\"closeHour\":\"20:00\"},{\"days\":[6],\"openHour\":\"12:00\",\"closeHour\":\"24:00\"}]}','locations',1,0,'locations','2021-12-15 19:11:14','2022-01-11 19:58:06','plain/text','rTlcFUyz'),(197,240,'Sushi 2','desc','123','products',1,0,'sushi-2','2021-12-15 20:24:17','2022-01-26 02:09:05','text/plain','hWNIbuid'),(198,240,'Discount','Discount on every product','DISCOUNT','offers',1,0,'discount','2021-12-20 19:10:38','2022-01-01 23:22:40','text/plain','icuBjKu8'),(219,240,'All Soup','Discount on all soup','DISCOUNT','offers',1,0,'all-soup','2021-12-29 18:50:32','2021-12-29 18:50:32','text/plain','gxzaMlFY'),(220,240,'Locations','','{\"name\":\"Sushitown\",\"address\":{\"street\":\"Noya Ati, Siddhirganj\",\"city\":\"Narayanganj\",\"contry\":\"Bangladesh\"},\"phone\":\"+8801304461899\",\"email\":\"example@gmail.com\",\"lat\":23.671763,\"lng\":90.518142,\"openHours\":[{\"days\":[0,2,1,3,5,4,6],\"openHour\":\"13:00\",\"closeHour\":\"22:00\"}]}','locations',1,0,'locations','2021-12-29 23:06:58','2022-01-25 23:07:52','plain/text','69KbXbqD'),(240,240,'Sushi','description','10.7','products',1,0,'sushi','2022-01-03 19:28:24','2022-02-22 23:53:31','text/plain','fyKQALnn'),(293,NULL,'','','{\"orderType\":\"PICKUP\",\"deliveryArea\":{\"zipCode\":\"\",\"city\":\"\",\"deliveryCost\":\"\"},\"deliveryTime\":\"Instant\",\"paymentMethod\":\"Cash\",\"name\":\"Walk in Customer\",\"street\":\"N\\/A\",\"phone\":\"N\\/A\",\"email\":\"N\\/A\",\"accessCode\":\"\",\"city\":\"N\\/A\",\"activeOffersIds\":[],\"discountCoupon\":null,\"stripe\":null,\"currency\":\"EURO\",\"items\":[{\"id\":178,\"name\":\"Sushi\",\"price\":\"55.00\",\"description\":\"Tasty sushi \\ud83c\\udf63\",\"categoryId\":\"64\",\"additions\":[{\"name\":\"Water\",\"price\":1,\"id\":175},{\"name\":\"Chopsticks\",\"price\":2,\"id\":174},{\"name\":\"Extra Sauce\",\"price\":1,\"id\":173}],\"options\":[{\"id\":\"176\",\"name\":\"Size\",\"value\":{\"name\":\"Large\",\"price\":10,\"id\":3}},{\"id\":\"177\",\"name\":\"Sauce\",\"value\":{\"name\":\"Tomato Sauce \",\"price\":1,\"id\":2}}],\"option_price\":11,\"addition_price\":4,\"quantity\":3,\"total\":\"210.00\",\"note\":\"from pos\"},{\"id\":197,\"name\":\"Sushi 2\",\"price\":\"123.00\",\"description\":\"desc\",\"categoryId\":\"64\",\"additions\":[{\"name\":\"Chopsticks\",\"price\":2,\"id\":174}],\"options\":[{\"id\":\"176\",\"name\":\"Size\",\"value\":{\"name\":\"Small\",\"price\":0,\"id\":1}},{\"id\":\"177\",\"name\":\"Sauce\",\"value\":{\"name\":\"Chili Sauce\",\"price\":1,\"id\":1}}],\"option_price\":1,\"addition_price\":2,\"quantity\":1,\"total\":\"126.00\",\"note\":\"\"}],\"total\":336,\"productsTotal\":\"336.00\",\"status\":\"pending\"}','orders',1,0,'','2022-01-12 00:00:10','2022-01-12 00:00:15','text/plain','6Qg4SpuQ'),(294,NULL,'','','{\"orderType\":\"PICKUP\",\"deliveryArea\":null,\"deliveryTime\":\"\",\"paymentMethod\":\"CASH\",\"name\":\"Obayed Ur Rahman\",\"city\":\"Narayanganj\",\"street\":\"Noya Ati, Rosulbag, Siddhirganj, Narayanganj\",\"phone\":\"+8801304461899\",\"email\":\"obayed.opu@gmail.com\",\"activeOffersIds\":[182,198],\"discountCoupon\":null,\"stripe\":null,\"currency\":\"EURO\",\"items\":[{\"id\":178,\"name\":\"Sushi\",\"description\":\"Tasty sushi \\ud83c\\udf63\",\"categoryId\":\"64\",\"additions\":[{\"name\":\"Water\",\"price\":1,\"id\":175},{\"name\":\"Extra Sauce\",\"price\":1,\"id\":173},{\"name\":\"Chopsticks\",\"price\":2,\"id\":174}],\"options\":[{\"id\":\"176\",\"name\":\"Size\",\"value\":{\"name\":\"Large\",\"price\":10,\"id\":3}},{\"id\":\"177\",\"name\":\"Sauce\",\"value\":{\"name\":\"Tomato Sauce \",\"price\":1,\"id\":2}}],\"price\":\"55.00\",\"addition_price\":\"4.00\",\"option_price\":\"11.00\",\"total\":\"210.00\",\"quantity\":3,\"note\":\"web\"},{\"id\":197,\"name\":\"Sushi 2\",\"description\":\"desc\",\"categoryId\":\"64\",\"additions\":[{\"name\":\"Chopsticks\",\"price\":2,\"id\":174}],\"options\":[{\"id\":\"176\",\"name\":\"Size\",\"value\":{\"name\":\"Small\",\"price\":0,\"id\":1}},{\"id\":\"177\",\"name\":\"Sauce\",\"value\":{\"name\":\"Chili Sauce\",\"price\":1,\"id\":1}}],\"price\":\"123.00\",\"addition_price\":\"2.00\",\"option_price\":\"0.00\",\"total\":\"125.00\",\"quantity\":1}],\"total\":335,\"deliveryCost\":0,\"productsTotal\":\"335.00\",\"status\":\"cancelled\"}','orders',1,0,'','2022-01-12 00:02:54','2022-01-19 17:56:28','text/plain','kAdiSTUx'),(295,NULL,'','','{\"orderType\":\"DELIVERY\",\"deliveryArea\":{\"zipCode\":\"1430\",\"city\":\"Narayanganj\",\"deliveryCost\":\"2\"},\"deliveryTime\":\"\",\"paymentMethod\":\"CASH\",\"name\":\"Obayed Ur Rahman\",\"street\":\"Noya Ati, Rosulbag, Siddhirganj, Narayanganj\",\"phone\":\"+8801304461899\",\"email\":\"obayed.opu@gmail.com\",\"accessCode\":\"1234\",\"activeOffersIds\":[182,198],\"discountCoupon\":null,\"stripe\":null,\"currency\":\"EURO\",\"items\":[{\"id\":178,\"name\":\"Sushi\",\"description\":\"Tasty sushi \\ud83c\\udf63\",\"categoryId\":\"64\",\"additions\":[],\"options\":[{\"id\":\"176\",\"name\":\"Size\",\"value\":{\"name\":\"Small\",\"price\":0,\"id\":1}},{\"id\":\"177\",\"name\":\"Sauce\",\"value\":{\"name\":\"Chili Sauce\",\"price\":1,\"id\":1}}],\"price\":\"55.00\",\"addition_price\":\"0.00\",\"option_price\":\"0.00\",\"total\":\"55.00\",\"quantity\":1},{\"id\":197,\"name\":\"Sushi 2\",\"description\":\"desc\",\"categoryId\":\"64\",\"additions\":[{\"name\":\"Chopsticks\",\"price\":2,\"id\":174}],\"options\":[{\"id\":\"176\",\"name\":\"Size\",\"value\":{\"name\":\"Large\",\"price\":10,\"id\":3}},{\"id\":\"177\",\"name\":\"Sauce\",\"value\":{\"name\":\"Chili Sauce\",\"price\":1,\"id\":1}}],\"price\":\"123.00\",\"addition_price\":\"2.00\",\"option_price\":\"11.00\",\"total\":\"272.00\",\"quantity\":2}],\"total\":327,\"deliveryCost\":2,\"productsTotal\":\"327.00\",\"status\":\"cancelled\"}','orders',1,0,'','2022-01-12 00:39:59','2022-01-19 17:56:18','text/plain','bHg2IQHM'),(296,NULL,'','','{\"orderType\":\"PICKUP\",\"deliveryArea\":{\"zipCode\":\"\",\"city\":\"\",\"deliveryCost\":\"\"},\"deliveryTime\":\"Instant\",\"paymentMethod\":\"Card\",\"name\":\"Walk in Customer\",\"street\":\"N\\/A\",\"phone\":\"N\\/A\",\"email\":\"N\\/A\",\"accessCode\":\"\",\"city\":\"N\\/A\",\"activeOffersIds\":[],\"discountCoupon\":null,\"stripe\":null,\"currency\":\"EURO\",\"items\":[{\"id\":178,\"name\":\"Sushi\",\"price\":\"55.00\",\"description\":\"Tasty sushi \\ud83c\\udf63\",\"categoryId\":\"64\",\"additions\":[],\"options\":[{\"id\":\"176\",\"name\":\"Size\",\"value\":{\"name\":\"Small\",\"price\":0,\"id\":1}}],\"option_price\":0,\"addition_price\":0,\"quantity\":1,\"total\":\"55.00\",\"note\":\"\"},{\"id\":197,\"name\":\"Sushi 2\",\"price\":\"123.00\",\"description\":\"desc\",\"categoryId\":\"64\",\"additions\":[{\"name\":\"Chopsticks\",\"price\":2,\"id\":174}],\"options\":[{\"id\":\"176\",\"name\":\"Size\",\"value\":{\"name\":\"Large\",\"price\":10,\"id\":3}},{\"id\":\"177\",\"name\":\"Sauce\",\"value\":{\"name\":\"Tomato Sauce \",\"price\":1,\"id\":2}}],\"option_price\":11,\"addition_price\":2,\"quantity\":2,\"total\":\"272.00\",\"note\":\"\"}],\"total\":327,\"productsTotal\":\"327.00\",\"status\":\"cancelled\"}','orders',1,0,'','2022-01-12 00:40:20','2022-01-19 17:52:29','text/plain','emVh98y8'),(297,NULL,'','','{\"orderType\":\"PICKUP\",\"deliveryArea\":{\"zipCode\":\"\",\"city\":\"\",\"deliveryCost\":\"\"},\"deliveryTime\":\"Instant\",\"paymentMethod\":\"Cash\",\"name\":\"Walk in Customer\",\"street\":\"N\\/A\",\"phone\":\"N\\/A\",\"email\":\"N\\/A\",\"accessCode\":\"\",\"city\":\"N\\/A\",\"activeOffersIds\":[],\"discountCoupon\":null,\"stripe\":null,\"currency\":\"EURO\",\"items\":[{\"id\":178,\"name\":\"Sushi\",\"price\":\"55.00\",\"description\":\"Tasty sushi \\ud83c\\udf63\",\"categoryId\":\"64\",\"additions\":[],\"options\":[],\"option_price\":0,\"addition_price\":0,\"quantity\":1,\"total\":\"55.00\",\"note\":\"\"}],\"total\":55,\"productsTotal\":\"55.00\",\"status\":\"processing\"}','orders',1,0,'','2022-01-12 21:59:42','2022-01-19 17:52:10','text/plain','bmwMP8i0'),(298,NULL,'','','{\"orderType\":\"PICKUP\",\"deliveryArea\":{\"zipCode\":\"\",\"city\":\"\",\"deliveryCost\":\"\"},\"deliveryTime\":\"Instant\",\"paymentMethod\":\"Cash\",\"name\":\"Walk in Customer\",\"street\":\"N\\/A\",\"phone\":\"N\\/A\",\"email\":\"N\\/A\",\"accessCode\":\"\",\"city\":\"N\\/A\",\"activeOffersIds\":[],\"discountCoupon\":null,\"stripe\":null,\"currency\":\"EURO\",\"items\":[{\"id\":178,\"name\":\"Sushi\",\"price\":\"55.00\",\"description\":\"Tasty sushi \\ud83c\\udf63\",\"categoryId\":\"64\",\"additions\":[],\"options\":[],\"option_price\":0,\"addition_price\":0,\"quantity\":1,\"total\":\"55.00\",\"note\":\"\"}],\"total\":55,\"productsTotal\":\"55.00\",\"status\":\"complete\"}','orders',1,0,'','2022-01-12 22:00:57','2022-01-19 17:51:57','text/plain','joy7a7pW'),(299,NULL,'','','{\"orderType\":\"PICKUP\",\"deliveryArea\":{\"zipCode\":\"\",\"city\":\"\",\"deliveryCost\":\"\"},\"deliveryTime\":\"Instant\",\"paymentMethod\":\"Cash\",\"name\":\"Walk in Customer\",\"street\":\"N\\/A\",\"phone\":\"N\\/A\",\"email\":\"N\\/A\",\"accessCode\":\"\",\"city\":\"N\\/A\",\"activeOffersIds\":[182,198],\"discountCoupon\":null,\"stripe\":null,\"currency\":\"EURO\",\"items\":[{\"id\":178,\"name\":\"Sushi\",\"price\":\"55.00\",\"description\":\"Tasty sushi \\ud83c\\udf63\",\"categoryId\":\"64\",\"additions\":[],\"options\":[],\"option_price\":0,\"addition_price\":0,\"quantity\":1,\"total\":\"55.00\",\"note\":\"\"}],\"total\":55,\"productsTotal\":\"55.00\",\"status\":\"pending\"}','orders',1,0,'','2022-01-12 22:02:23','2022-01-12 22:02:34','text/plain','iM7kvTki'),(300,NULL,'','','{\"orderType\":\"PICKUP\",\"deliveryArea\":null,\"deliveryTime\":\"\",\"paymentMethod\":\"CASH\",\"name\":\"Obayed Ur Rahman\",\"city\":\"Narayanganj\",\"street\":\"Noya Ati, Rosulbag, Siddhirganj, Narayanganj\",\"phone\":\"+8801304461899\",\"email\":\"obayed.opu@gmail.com\",\"activeOffersIds\":[182,198],\"discountCoupon\":null,\"stripe\":null,\"currency\":\"EURO\",\"items\":[{\"id\":178,\"name\":\"Sushi\",\"description\":\"Tasty sushi \\ud83c\\udf63\",\"categoryId\":\"64\",\"additions\":[{\"name\":\"Extra Sauce\",\"price\":1,\"id\":173},{\"name\":\"Chopsticks\",\"price\":2,\"id\":174},{\"name\":\"Water\",\"price\":1,\"id\":175}],\"options\":[{\"id\":\"176\",\"name\":\"Size\",\"value\":{\"name\":\"Large\",\"price\":10,\"id\":3}},{\"id\":\"177\",\"name\":\"Sauce\",\"value\":{\"name\":\"Tomato Sauce \",\"price\":1,\"id\":2}}],\"price\":\"55.00\",\"addition_price\":\"4.00\",\"option_price\":\"11.00\",\"total\":\"210.00\",\"quantity\":3,\"note\":\"web\"},{\"id\":197,\"name\":\"Sushi 2\",\"description\":\"desc\",\"categoryId\":\"64\",\"additions\":[{\"name\":\"Chopsticks\",\"price\":2,\"id\":174}],\"options\":[{\"id\":\"176\",\"name\":\"Size\",\"value\":{\"name\":\"Small\",\"price\":0,\"id\":1}},{\"id\":\"177\",\"name\":\"Sauce\",\"value\":{\"name\":\"Chili Sauce\",\"price\":1,\"id\":1}}],\"price\":\"123.00\",\"addition_price\":\"2.00\",\"option_price\":\"1.00\",\"total\":\"126.00\",\"quantity\":1},{\"id\":179,\"name\":\"Soup\",\"description\":\"Lorem Ipsum is simply dummy text of the printing and typesetting industry. Lorem Ipsum has been the industry\'s standard dummy text ever since the 1500s, when an unknown printer took a galley of type and scrambled it to make a type specimen book. It has survived not only five centuries, but also the leap into electronic typesetting, remaining essentially unchanged. It was popularised in the 1960s with the release of Letraset sheets containing Lorem Ipsum passages, and more recently with desktop publishing software like Aldus PageMaker including versions of Lorem Ipsum.\",\"categoryId\":\"65\",\"price\":\"0.00\",\"addition_price\":\"0.00\",\"option_price\":\"0.00\",\"total\":\"0.00\",\"quantity\":1}],\"discountAmount\":\"33.60\",\"total\":336,\"deliveryCost\":0,\"productsTotal\":\"336.00\",\"status\":\"out_for_delivery\"}','orders',1,0,'','2022-01-13 01:09:59','2022-01-19 17:51:45','text/plain','BkSXus7f'),(301,NULL,'','','{\"orderType\":\"PICKUP\",\"deliveryArea\":{\"zipCode\":\"\",\"city\":\"\",\"deliveryCost\":\"\"},\"deliveryTime\":\"Instant\",\"paymentMethod\":\"Cash\",\"name\":\"Walk in Customer\",\"street\":\"N\\/A\",\"phone\":\"N\\/A\",\"email\":\"N\\/A\",\"accessCode\":\"\",\"city\":\"N\\/A\",\"activeOffersIds\":[182,198],\"discountCoupon\":null,\"stripe\":null,\"currency\":\"EURO\",\"items\":[],\"total\":0,\"productsTotal\":\"336.00\",\"status\":\"pending\",\"discountAmount\":\"33.60\"}','orders',1,0,'','2022-01-13 01:10:22','2022-01-13 01:10:28','text/plain','8eIrqtNP'),(302,NULL,'','','{\"orderType\":\"PICKUP\",\"deliveryArea\":{\"zipCode\":\"\",\"city\":\"\",\"deliveryCost\":\"\"},\"deliveryTime\":\"Instant\",\"paymentMethod\":\"Cash\",\"name\":\"Walk in Customer\",\"street\":\"N\\/A\",\"phone\":\"N\\/A\",\"email\":\"N\\/A\",\"accessCode\":\"\",\"city\":\"N\\/A\",\"activeOffersIds\":[182,198],\"discountCoupon\":null,\"stripe\":null,\"currency\":\"EURO\",\"items\":[{\"id\":178,\"name\":\"Sushi\",\"price\":\"55.00\",\"description\":\"Tasty sushi \\ud83c\\udf63\",\"categoryId\":\"64\",\"additions\":[{\"name\":\"Extra Sauce\",\"price\":1,\"id\":173},{\"name\":\"Chopsticks\",\"price\":2,\"id\":174},{\"name\":\"Water\",\"price\":1,\"id\":175}],\"options\":[{\"id\":\"176\",\"name\":\"Size\",\"value\":{\"name\":\"Large\",\"price\":10,\"id\":3}},{\"id\":\"177\",\"name\":\"Sauce\",\"value\":{\"name\":\"Tomato Sauce \",\"price\":1,\"id\":2}}],\"option_price\":11,\"addition_price\":4,\"quantity\":3,\"total\":\"210.00\",\"note\":\"pos\"},{\"categoryId\":\"65\",\"name\":\"Soup\",\"image\":{\"title\":\"Soup\",\"url\":\"http:\\/\\/localhost:4000\\/uploads\\/images\\/87b61a379c14845330c11a4aa92d610e.webp\"},\"description\":\"Lorem Ipsum is simply dummy text of the printing and typesetting industry. Lorem Ipsum has been the industry\'s standard dummy text ever since the 1500s, when an unknown printer took a galley of type and scrambled it to make a type specimen book. It has survived not only five centuries, but also the leap into electronic typesetting, remaining essentially unchanged. It was popularised in the 1960s with the release of Letraset sheets containing Lorem Ipsum passages, and more recently with desktop publishing software like Aldus PageMaker including versions of Lorem Ipsum.\",\"price\":0,\"options\":[],\"additions\":[],\"id\":179,\"quantity\":1,\"total\":0,\"productsTotal\":0,\"option_price\":0,\"addition_price\":0},{\"id\":197,\"name\":\"Sushi 2\",\"price\":\"123.00\",\"description\":\"desc\",\"categoryId\":\"64\",\"additions\":[{\"name\":\"Chopsticks\",\"price\":2,\"id\":174}],\"options\":[{\"id\":\"176\",\"name\":\"Size\",\"value\":{\"name\":\"Small\",\"price\":0,\"id\":1}},{\"id\":\"177\",\"name\":\"Sauce\",\"value\":{\"name\":\"Chili Sauce\",\"price\":1,\"id\":1}}],\"option_price\":1,\"addition_price\":2,\"quantity\":1,\"total\":\"126.00\",\"note\":\"\"}],\"total\":336,\"productsTotal\":\"336.00\",\"status\":\"complete\",\"discountAmount\":\"33.60\"}','orders',1,0,'','2022-01-13 01:12:49','2022-01-19 17:56:07','text/plain','4ZKPqKFB'),(303,NULL,'','','{\"orderType\":\"DELIVERY\",\"deliveryArea\":{\"zipCode\":\"1430\",\"city\":\"Narayanganj\",\"deliveryCost\":\"2\"},\"deliveryTime\":\"12:00 AM to 12:00 PM \",\"paymentMethod\":\"CARD\",\"name\":\"Obayed Ur Rahman\",\"street\":\"Noya Ati, Rosulbag, Siddhirganj, Narayanganj\",\"phone\":\"+8801304461899\",\"email\":\"obayed.opu@gmail.com\",\"accessCode\":\"1234\",\"activeOffersIds\":[182,198],\"discountCoupon\":null,\"stripe\":{\"id\":\"tok_1KIGv6FAElPCKlx3k6KHj0Kp\",\"object\":\"token\",\"card\":{\"id\":\"card_1KIGv5FAElPCKlx3m5ERH8fF\",\"object\":\"card\",\"address_city\":null,\"address_country\":null,\"address_line1\":null,\"address_line1_check\":null,\"address_line2\":null,\"address_state\":null,\"address_zip\":\"24242\",\"address_zip_check\":\"unchecked\",\"brand\":\"Visa\",\"country\":\"US\",\"cvc_check\":\"unchecked\",\"dynamic_last4\":null,\"exp_month\":4,\"exp_year\":2022,\"funding\":\"credit\",\"last4\":\"4242\",\"name\":null,\"tokenization_method\":null},\"client_ip\":\"103.126.13.24\",\"created\":1642271048,\"livemode\":false,\"type\":\"card\",\"used\":false},\"currency\":\"EURO\",\"items\":[{\"id\":178,\"name\":\"Sushi\",\"description\":\"Tasty sushi \\ud83c\\udf63\",\"categoryId\":\"64\",\"additions\":[],\"options\":[{\"id\":\"176\",\"name\":\"Size\",\"value\":{\"name\":\"Small\",\"price\":0,\"id\":1}},{\"id\":\"177\",\"name\":\"Sauce\",\"value\":{\"name\":\"Chili Sauce\",\"price\":1,\"id\":1}}],\"price\":\"55.00\",\"addition_price\":\"0.00\",\"option_price\":\"0.00\",\"total\":\"55.00\",\"quantity\":1},{\"id\":179,\"name\":\"Soup\",\"description\":\"Lorem Ipsum is simply dummy text of the printing and typesetting industry. Lorem Ipsum has been the industry\'s standard dummy text ever since the 1500s, when an unknown printer took a galley of type and scrambled it to make a type specimen book. It has survived not only five centuries, but also the leap into electronic typesetting, remaining essentially unchanged. It was popularised in the 1960s with the release of Letraset sheets containing Lorem Ipsum passages, and more recently with desktop publishing software like Aldus PageMaker including versions of Lorem Ipsum.\",\"categoryId\":\"65\",\"price\":\"0.00\",\"addition_price\":\"0.00\",\"option_price\":\"0.00\",\"total\":\"0.00\",\"quantity\":1}],\"discountAmount\":\"5.50\",\"total\":55,\"deliveryCost\":2,\"productsTotal\":\"55.00\",\"status\":\"complete\"}','orders',1,0,'','2022-01-16 00:24:10','2022-01-19 17:55:59','text/plain','4EHcDscV'),(304,NULL,'','','{\"orderType\":\"PICKUP\",\"deliveryArea\":{\"zipCode\":\"\",\"city\":\"\",\"deliveryCost\":\"\"},\"deliveryTime\":\"Instant\",\"paymentMethod\":\"Card\",\"name\":\"Walk in Customer\",\"street\":\"N\\/A\",\"phone\":\"N\\/A\",\"email\":\"N\\/A\",\"accessCode\":\"\",\"city\":\"N\\/A\",\"activeOffersIds\":[182,198,219],\"discountCoupon\":null,\"stripe\":null,\"currency\":\"EURO\",\"items\":[{\"id\":197,\"name\":\"Sushi 2\",\"price\":\"123.00\",\"description\":\"desc\",\"categoryId\":\"64\",\"additions\":[],\"options\":[],\"option_price\":0,\"addition_price\":0,\"quantity\":1,\"total\":\"123.00\",\"note\":\"\"},{\"categoryId\":\"65\",\"name\":\"Soup\",\"image\":{\"title\":\"Soup\",\"url\":\"http:\\/\\/localhost:4000\\/uploads\\/images\\/87b61a379c14845330c11a4aa92d610e.webp\"},\"description\":\"Lorem Ipsum is simply dummy text of the printing and typesetting industry. Lorem Ipsum has been the industry\'s standard dummy text ever since the 1500s, when an unknown printer took a galley of type and scrambled it to make a type specimen book. It has survived not only five centuries, but also the leap into electronic typesetting, remaining essentially unchanged. It was popularised in the 1960s with the release of Letraset sheets containing Lorem Ipsum passages, and more recently with desktop publishing software like Aldus PageMaker including versions of Lorem Ipsum.\",\"price\":0,\"options\":[],\"additions\":[],\"id\":179,\"quantity\":1,\"total\":0,\"productsTotal\":0,\"option_price\":0,\"addition_price\":0},{\"id\":179,\"name\":\"Soup\",\"price\":\"10.00\",\"description\":\"Lorem Ipsum is simply dummy text of the printing and typesetting industry. Lorem Ipsum has been the industry\'s standard dummy text ever since the 1500s, when an unknown printer took a galley of type and scrambled it to make a type specimen book. It has survived not only five centuries, but also the leap into electronic typesetting, remaining essentially unchanged. It was popularised in the 1960s with the release of Letraset sheets containing Lorem Ipsum passages, and more recently with desktop publishing software like Aldus PageMaker including versions of Lorem Ipsum.\",\"categoryId\":\"65\",\"additions\":[],\"options\":[],\"option_price\":0,\"addition_price\":0,\"quantity\":1,\"total\":\"10.00\",\"note\":\"\"}],\"total\":\"121.03\",\"productsTotal\":\"133.00\",\"status\":\"delivered\",\"discountAmount\":\"11.97\"}','orders',1,0,'','2022-01-19 21:04:56','2022-01-19 21:04:56','text/plain','8quP8W4W'),(305,NULL,'','','{\"orderType\":\"PICKUP\",\"deliveryArea\":{\"zipCode\":\"\",\"city\":\"\",\"deliveryCost\":\"\"},\"deliveryTime\":\"Instant\",\"paymentMethod\":\"Cash+Card\",\"name\":\"Walk in Customer\",\"street\":\"N\\/A\",\"phone\":\"N\\/A\",\"email\":\"N\\/A\",\"accessCode\":\"\",\"city\":\"N\\/A\",\"activeOffersIds\":[182,198],\"discountCoupon\":null,\"stripe\":null,\"currency\":\"EURO\",\"items\":[{\"id\":178,\"name\":\"Sushi\",\"price\":\"55.00\",\"description\":\"Tasty sushi \\ud83c\\udf63\",\"categoryId\":\"64\",\"additions\":[],\"options\":[{\"id\":176,\"name\":\"Size\",\"value\":{\"name\":\"Small\",\"price\":0,\"id\":1}},{\"id\":177,\"name\":\"Sauce\",\"value\":{\"name\":\"Chili Sauce\",\"price\":1,\"id\":1}}],\"option_price\":1,\"addition_price\":0,\"quantity\":1,\"total\":\"56.00\",\"note\":\"\"},{\"categoryId\":\"65\",\"name\":\"Soup\",\"image\":{\"title\":\"Soup\",\"url\":\"http:\\/\\/localhost:4000\\/uploads\\/images\\/87b61a379c14845330c11a4aa92d610e.webp\"},\"description\":\"Lorem Ipsum is simply dummy text of the printing and typesetting industry. Lorem Ipsum has been the industry\'s standard dummy text ever since the 1500s, when an unknown printer took a galley of type and scrambled it to make a type specimen book. It has survived not only five centuries, but also the leap into electronic typesetting, remaining essentially unchanged. It was popularised in the 1960s with the release of Letraset sheets containing Lorem Ipsum passages, and more recently with desktop publishing software like Aldus PageMaker including versions of Lorem Ipsum.\",\"price\":0,\"options\":[],\"additions\":[],\"id\":179,\"order\":200,\"quantity\":1,\"total\":0,\"productsTotal\":0,\"option_price\":0,\"addition_price\":0}],\"total\":\"50.40\",\"productsTotal\":\"56.00\",\"status\":\"delivered\",\"discountAmount\":\"5.60\"}','orders',1,0,'','2022-01-26 22:26:19','2022-01-26 22:26:19','text/plain','aNUTkVLA'),(306,NULL,'','','{\"orderType\":\"PICKUP\",\"deliveryArea\":{\"zipCode\":\"\",\"city\":\"Soup Restaurant undefined\",\"deliveryCost\":\"\"},\"deliveryTime\":\"Instant\",\"paymentMethod\":\"Cash\",\"name\":\"Walk in Customer\",\"street\":\"N\\/A\",\"phone\":\"N\\/A\",\"email\":\"N\\/A\",\"accessCode\":\"\",\"city\":\"N\\/A\",\"activeOffersIds\":[182,198,219],\"discountCoupon\":null,\"stripe\":null,\"currency\":\"EURO\",\"items\":[{\"id\":179,\"name\":\"Soup\",\"price\":\"10.00\",\"description\":\"Lorem Ipsum is simply dummy text of the printing and typesetting industry. Lorem Ipsum has been the industry\'s standard dummy text ever since the 1500s, when an unknown printer took a galley of type and scrambled it to make a type specimen book. It has survived not only five centuries, but also the leap into electronic typesetting, remaining essentially unchanged. It was popularised in the 1960s with the release of Letraset sheets containing Lorem Ipsum passages, and more recently with desktop publishing software like Aldus PageMaker including versions of Lorem Ipsum.\",\"categoryId\":\"65\",\"additions\":[],\"options\":[],\"option_price\":0,\"addition_price\":0,\"quantity\":1,\"total\":\"10.00\",\"note\":\"\"}],\"total\":\"9.10\",\"productsTotal\":\"10.00\",\"status\":\"delivered\",\"discountAmount\":\"0.90\"}','orders',1,0,'','2022-01-26 22:35:03','2022-01-26 22:35:03','text/plain','hGUUwN6W'),(307,NULL,'','','{\"orderType\":\"PICKUP\",\"deliveryArea\":{\"zipCode\":\"\",\"city\":\"Sushitown, Narayanganj, Bangladesh\",\"deliveryCost\":\"\"},\"deliveryTime\":\"Instant\",\"paymentMethod\":\"Cash+Card\",\"name\":\"Walk in Customer\",\"street\":\"N\\/A\",\"phone\":\"N\\/A\",\"email\":\"N\\/A\",\"accessCode\":\"\",\"city\":\"N\\/A\",\"activeOffersIds\":[182,198],\"discountCoupon\":null,\"stripe\":null,\"currency\":\"EURO\",\"items\":[{\"id\":197,\"name\":\"Sushi 2\",\"price\":\"123.00\",\"description\":\"desc\",\"categoryId\":\"64\",\"additions\":[],\"options\":[],\"option_price\":0,\"addition_price\":0,\"quantity\":1,\"total\":\"123.00\",\"note\":\"\"},{\"categoryId\":\"65\",\"name\":\"Soup\",\"image\":{\"title\":\"Soup\",\"url\":\"http:\\/\\/localhost:4000\\/uploads\\/images\\/87b61a379c14845330c11a4aa92d610e.webp\"},\"description\":\"Lorem Ipsum is simply dummy text of the printing and typesetting industry. Lorem Ipsum has been the industry\'s standard dummy text ever since the 1500s, when an unknown printer took a galley of type and scrambled it to make a type specimen book. It has survived not only five centuries, but also the leap into electronic typesetting, remaining essentially unchanged. It was popularised in the 1960s with the release of Letraset sheets containing Lorem Ipsum passages, and more recently with desktop publishing software like Aldus PageMaker including versions of Lorem Ipsum.\",\"price\":0,\"options\":[],\"additions\":[],\"id\":179,\"order\":200,\"quantity\":1,\"total\":0,\"productsTotal\":0,\"option_price\":0,\"addition_price\":0}],\"total\":\"110.70\",\"productsTotal\":\"123.00\",\"status\":\"delivered\",\"discountAmount\":\"12.30\"}','orders',1,0,'','2022-01-26 22:38:00','2022-01-26 22:38:00','text/plain','85m9s1gt'),(308,240,'Sauce','g','12','products',1,0,'sauce','2022-01-27 14:46:23','2022-01-27 14:46:23','text/plain','adE4jO0k'),(309,NULL,'','','{\"orderType\":\"PICKUP\",\"deliveryArea\":{\"zipCode\":\"\",\"city\":\"Soup Restaurant, Carcow, Poland\",\"deliveryCost\":\"\"},\"deliveryTime\":\"Instant\",\"paymentMethod\":\"Card\",\"name\":\"Walk in Customer\",\"street\":\"N\\/A\",\"phone\":\"N\\/A\",\"email\":\"N\\/A\",\"accessCode\":\"\",\"city\":\"N\\/A\",\"activeOffersIds\":[182,198],\"discountCoupon\":null,\"stripe\":null,\"currency\":\"EURO\",\"items\":[{\"id\":240,\"name\":\"Sushi\",\"price\":\"10.70\",\"description\":\"description\",\"categoryId\":\"64\",\"additions\":[{\"name\":\"Chopsticks\",\"price\":2,\"id\":174}],\"options\":[{\"id\":176,\"name\":\"Size\",\"value\":{\"name\":\"Medium\",\"price\":5,\"id\":2}},{\"id\":177,\"name\":\"Sauce\",\"value\":{\"name\":\"Chili Sauce\",\"price\":1,\"id\":1}}],\"option_price\":6,\"addition_price\":2,\"quantity\":4,\"total\":\"74.80\",\"note\":\"\"},{\"categoryId\":\"65\",\"name\":\"Soup\",\"image\":{\"title\":\"Soup\",\"url\":\"http:\\/\\/localhost:4000\\/uploads\\/images\\/87b61a379c14845330c11a4aa92d610e.webp\"},\"description\":\"Lorem Ipsum is simply dummy text of the printing and typesetting industry. Lorem Ipsum has been the industry\'s standard dummy text ever since the 1500s, when an unknown printer took a galley of type and scrambled it to make a type specimen book. It has survived not only five centuries, but also the leap into electronic typesetting, remaining essentially unchanged. It was popularised in the 1960s with the release of Letraset sheets containing Lorem Ipsum passages, and more recently with desktop publishing software like Aldus PageMaker including versions of Lorem Ipsum.\",\"price\":0,\"options\":[],\"additions\":[],\"id\":179,\"order\":200,\"quantity\":1,\"total\":0,\"productsTotal\":0,\"option_price\":0,\"addition_price\":0}],\"total\":\"67.32\",\"productsTotal\":\"74.80\",\"status\":\"delivered\",\"discountAmount\":\"7.48\"}','orders',1,0,'','2022-01-27 17:07:27','2022-01-27 17:07:27','text/plain','diagihsI'),(310,NULL,'','','{\"orderType\":\"PICKUP\",\"deliveryArea\":{\"zipCode\":\"\",\"city\":\"Soup Restaurant, Carcow, Poland\",\"deliveryCost\":\"\"},\"deliveryTime\":\"Instant\",\"paymentMethod\":\"Card\",\"name\":\"Walk in Customer\",\"street\":\"N\\/A\",\"phone\":\"N\\/A\",\"email\":\"N\\/A\",\"accessCode\":\"\",\"city\":\"N\\/A\",\"activeOffersIds\":[182,198],\"discountCoupon\":null,\"stripe\":null,\"currency\":\"EURO\",\"items\":[{\"id\":240,\"name\":\"Sushi\",\"price\":\"10.70\",\"description\":\"description\",\"categoryId\":\"64\",\"additions\":[],\"options\":[],\"option_price\":0,\"addition_price\":0,\"quantity\":1,\"total\":\"10.70\",\"note\":\"\"},{\"categoryId\":\"65\",\"name\":\"Soup\",\"image\":{\"title\":\"Soup\",\"url\":\"http:\\/\\/localhost:4000\\/uploads\\/images\\/87b61a379c14845330c11a4aa92d610e.webp\"},\"description\":\"Lorem Ipsum is simply dummy text of the printing and typesetting industry. Lorem Ipsum has been the industry\'s standard dummy text ever since the 1500s, when an unknown printer took a galley of type and scrambled it to make a type specimen book. It has survived not only five centuries, but also the leap into electronic typesetting, remaining essentially unchanged. It was popularised in the 1960s with the release of Letraset sheets containing Lorem Ipsum passages, and more recently with desktop publishing software like Aldus PageMaker including versions of Lorem Ipsum.\",\"price\":0,\"options\":[],\"additions\":[],\"id\":179,\"order\":200,\"quantity\":1,\"total\":0,\"productsTotal\":0,\"option_price\":0,\"addition_price\":0}],\"total\":\"9.63\",\"productsTotal\":\"10.70\",\"status\":\"delivered\",\"discountAmount\":\"1.07\"}','orders',1,0,'','2022-01-27 17:13:32','2022-01-27 17:13:32','text/plain','hYfUnCBk'),(311,NULL,'','','{\"orderType\":\"PICKUP\",\"deliveryArea\":{\"zipCode\":\"\",\"city\":\"Soup Restaurant, Carcow, Poland\",\"deliveryCost\":\"\"},\"deliveryTime\":\"Instant\",\"paymentMethod\":\"Cash\",\"name\":\"Walk in Customer\",\"street\":\"N\\/A\",\"phone\":\"N\\/A\",\"email\":\"N\\/A\",\"accessCode\":\"\",\"city\":\"N\\/A\",\"activeOffersIds\":[182,198],\"discountCoupon\":null,\"stripe\":null,\"currency\":\"EURO\",\"items\":[{\"id\":179,\"name\":\"Soup\",\"price\":\"10.00\",\"description\":\"Lorem Ipsum is simply dummy text of the printing and typesetting industry. Lorem Ipsum has been the industry\'s standard dummy text ever since the 1500s, when an unknown printer took a galley of type and scrambled it to make a type specimen book. It has survived not only five centuries, but also the leap into electronic typesetting, remaining essentially unchanged. It was popularised in the 1960s with the release of Letraset sheets containing Lorem Ipsum passages, and more recently with desktop publishing software like Aldus PageMaker including versions of Lorem Ipsum.\",\"categoryId\":\"65\",\"additions\":[],\"options\":[],\"option_price\":0,\"addition_price\":0,\"quantity\":1,\"total\":\"10.00\",\"note\":\"\"}],\"total\":\"9.00\",\"productsTotal\":\"10.00\",\"status\":\"delivered\",\"discountAmount\":\"1.00\"}','orders',1,0,'','2022-01-27 17:16:03','2022-01-27 17:16:03','text/plain','gVsT8PEF'),(312,NULL,'','','{\"orderType\":\"DELIVERY\",\"deliveryArea\":{\"zipCode\":\"1430\",\"city\":\"Narayanganj\",\"deliveryCost\":\"2\"},\"deliveryTime\":\"10:00 PM to 01:00 PM\",\"paymentMethod\":\"CARD\",\"name\":\"Obaydur\",\"street\":\"Noya Ati, Rosulbag, Siddhirganj, Narayanganj\",\"phone\":\"01304461899\",\"email\":\"obayed.opu@gmail.com\",\"accessCode\":\"1234\",\"city\":\"Narayanganj\",\"activeOffersIds\":[182,198],\"discountCoupon\":null,\"stripe\":{\"id\":\"tok_1KN0ECFAElPCKlx3iMfftBCT\",\"object\":\"token\",\"card\":{\"id\":\"card_1KN0ECFAElPCKlx39zRR0Hn3\",\"object\":\"card\",\"address_city\":null,\"address_country\":null,\"address_line1\":null,\"address_line1_check\":null,\"address_line2\":null,\"address_state\":null,\"address_zip\":\"42424\",\"address_zip_check\":\"unchecked\",\"brand\":\"Visa\",\"country\":\"US\",\"cvc_check\":\"unchecked\",\"dynamic_last4\":null,\"exp_month\":4,\"exp_year\":2024,\"funding\":\"credit\",\"last4\":\"4242\",\"name\":null,\"tokenization_method\":null},\"client_ip\":\"8.38.147.7\",\"created\":1643398524,\"livemode\":false,\"type\":\"card\",\"used\":false},\"currency\":\"EURO\",\"items\":[{\"id\":308,\"name\":\"Sauce\",\"description\":\"g\",\"categoryId\":\"65\",\"additions\":[],\"options\":[{\"id\":176,\"name\":\"Size\",\"value\":{\"name\":\"Small\",\"price\":0,\"id\":1}}],\"price\":\"12.00\",\"addition_price\":\"0.00\",\"option_price\":\"0.00\",\"total\":\"24.00\",\"quantity\":2},{\"id\":179,\"name\":\"Soup\",\"description\":\"Lorem Ipsum is simply dummy text of the printing and typesetting industry. Lorem Ipsum has been the industry\'s standard dummy text ever since the 1500s, when an unknown printer took a galley of type and scrambled it to make a type specimen book. It has survived not only five centuries, but also the leap into electronic typesetting, remaining essentially unchanged. It was popularised in the 1960s with the release of Letraset sheets containing Lorem Ipsum passages, and more recently with desktop publishing software like Aldus PageMaker including versions of Lorem Ipsum.\",\"categoryId\":\"65\",\"additions\":[],\"options\":[{\"id\":176,\"name\":\"Size\",\"value\":{\"name\":\"Small\",\"price\":0,\"id\":1}}],\"price\":\"10.00\",\"addition_price\":\"0.00\",\"option_price\":\"0.00\",\"total\":\"10.00\",\"quantity\":1},{\"id\":197,\"name\":\"Sushi 2\",\"description\":\"desc\",\"categoryId\":\"64\",\"additions\":[{\"name\":\"Chopsticks\",\"price\":2,\"id\":174}],\"options\":[{\"id\":176,\"name\":\"Size\",\"value\":{\"name\":\"Small\",\"price\":0,\"id\":1}},{\"id\":177,\"name\":\"Sauce\",\"value\":{\"name\":\"Tomato Sauce \",\"price\":1,\"id\":2}}],\"price\":\"123.00\",\"addition_price\":\"2.00\",\"option_price\":\"1.00\",\"total\":\"126.00\",\"quantity\":1},{\"id\":178,\"name\":\"Sushi\",\"description\":\"Tasty sushi \\ud83c\\udf63\",\"categoryId\":\"64\",\"additions\":[{\"name\":\"Extra Sauce\",\"price\":1,\"id\":173},{\"name\":\"Chopsticks\",\"price\":2,\"id\":174},{\"name\":\"Water\",\"price\":1,\"id\":175}],\"options\":[{\"id\":176,\"name\":\"Size\",\"value\":{\"name\":\"Small\",\"price\":0,\"id\":1}},{\"id\":177,\"name\":\"Sauce\",\"value\":{\"name\":\"Chili Sauce\",\"price\":1,\"id\":1}}],\"price\":\"55.00\",\"addition_price\":\"4.00\",\"option_price\":\"1.00\",\"total\":\"120.00\",\"quantity\":2},{\"id\":240,\"name\":\"Sushi\",\"description\":\"description\",\"categoryId\":\"64\",\"additions\":[],\"options\":[{\"id\":176,\"name\":\"Size\",\"value\":{\"name\":\"Small\",\"price\":0,\"id\":1}},{\"id\":177,\"name\":\"Sauce\",\"value\":{\"name\":\"Chili Sauce\",\"price\":1,\"id\":1}}],\"price\":\"10.70\",\"addition_price\":\"0.00\",\"option_price\":\"0.00\",\"total\":\"10.70\",\"quantity\":1},{\"id\":179,\"name\":\"Soup\",\"description\":\"Lorem Ipsum is simply dummy text of the printing and typesetting industry. Lorem Ipsum has been the industry\'s standard dummy text ever since the 1500s, when an unknown printer took a galley of type and scrambled it to make a type specimen book. It has survived not only five centuries, but also the leap into electronic typesetting, remaining essentially unchanged. It was popularised in the 1960s with the release of Letraset sheets containing Lorem Ipsum passages, and more recently with desktop publishing software like Aldus PageMaker including versions of Lorem Ipsum.\",\"categoryId\":\"65\",\"price\":\"0.00\",\"addition_price\":\"0.00\",\"option_price\":\"0.00\",\"total\":\"0.00\",\"quantity\":1}],\"discountAmount\":\"29.07\",\"total\":261.632,\"deliveryCost\":2,\"productsTotal\":\"290.70\"}','orders',1,0,'','2022-01-29 01:35:27','2022-01-29 01:35:27','text/plain','bvetKCCb'),(313,NULL,'','','{\"orderType\":\"PICKUP\",\"deliveryArea\":{\"zipCode\":\"\",\"city\":\"Soup Restaurant, Carcow, Poland\",\"deliveryCost\":\"\"},\"deliveryTime\":\"Instant\",\"paymentMethod\":\"Cash\",\"name\":\"Walk in Customer\",\"street\":\"N\\/A\",\"phone\":\"N\\/A\",\"email\":\"N\\/A\",\"accessCode\":\"\",\"city\":\"N\\/A\",\"activeOffersIds\":[182,198],\"discountCoupon\":null,\"stripe\":null,\"currency\":\"EURO\",\"items\":[{\"id\":197,\"name\":\"Sushi 2\",\"price\":\"123.00\",\"description\":\"desc\",\"categoryId\":\"64\",\"additions\":[],\"options\":[],\"option_price\":0,\"addition_price\":0,\"quantity\":1,\"total\":\"123.00\",\"note\":\"\"},{\"categoryId\":\"65\",\"name\":\"Soup\",\"image\":{\"title\":\"Soup\",\"url\":\"http:\\/\\/localhost:4000\\/uploads\\/images\\/87b61a379c14845330c11a4aa92d610e.webp\"},\"description\":\"Lorem Ipsum is simply dummy text of the printing and typesetting industry. Lorem Ipsum has been the industry\'s standard dummy text ever since the 1500s, when an unknown printer took a galley of type and scrambled it to make a type specimen book. It has survived not only five centuries, but also the leap into electronic typesetting, remaining essentially unchanged. It was popularised in the 1960s with the release of Letraset sheets containing Lorem Ipsum passages, and more recently with desktop publishing software like Aldus PageMaker including versions of Lorem Ipsum.\",\"price\":0,\"options\":[],\"additions\":[],\"id\":179,\"order\":200,\"quantity\":1,\"total\":0,\"productsTotal\":0,\"option_price\":0,\"addition_price\":0}],\"total\":\"110.70\",\"productsTotal\":\"123.00\",\"status\":\"delivered\",\"discountAmount\":\"12.30\"}','orders',1,0,'','2022-01-29 17:19:54','2022-01-29 17:19:54','text/plain','feslRTYn'),(314,NULL,'','','{\"orderType\":\"PICKUP\",\"deliveryArea\":{\"zipCode\":\"\",\"city\":\"Soup Restaurant, Carcow, Poland\",\"deliveryCost\":\"\"},\"deliveryTime\":\"Instant\",\"paymentMethod\":\"Cash\",\"name\":\"Walk in Customer\",\"street\":\"N\\/A\",\"phone\":\"N\\/A\",\"email\":\"N\\/A\",\"accessCode\":\"\",\"city\":\"N\\/A\",\"activeOffersIds\":[182,198],\"discountCoupon\":null,\"stripe\":null,\"currency\":\"EURO\",\"items\":[{\"id\":240,\"name\":\"Sushi\",\"price\":\"10.70\",\"description\":\"description\",\"categoryId\":\"64\",\"additions\":[{\"name\":\"Chopsticks\",\"price\":2,\"id\":174}],\"options\":[{\"id\":176,\"name\":\"Size\",\"value\":{\"name\":\"Small\",\"price\":0,\"id\":1}},{\"id\":177,\"name\":\"Sauce\",\"value\":{\"name\":\"Chili Sauce\",\"price\":1,\"id\":1}}],\"option_price\":1,\"addition_price\":2,\"quantity\":1,\"total\":\"13.70\",\"note\":\"\"},{\"categoryId\":\"65\",\"name\":\"Soup\",\"image\":{\"title\":\"Soup\",\"url\":\"http:\\/\\/localhost:4000\\/uploads\\/images\\/87b61a379c14845330c11a4aa92d610e.webp\"},\"description\":\"Lorem Ipsum is simply dummy text of the printing and typesetting industry. Lorem Ipsum has been the industry\'s standard dummy text ever since the 1500s, when an unknown printer took a galley of type and scrambled it to make a type specimen book. It has survived not only five centuries, but also the leap into electronic typesetting, remaining essentially unchanged. It was popularised in the 1960s with the release of Letraset sheets containing Lorem Ipsum passages, and more recently with desktop publishing software like Aldus PageMaker including versions of Lorem Ipsum.\",\"price\":0,\"options\":[],\"additions\":[],\"id\":179,\"order\":200,\"quantity\":1,\"total\":0,\"productsTotal\":0,\"option_price\":0,\"addition_price\":0}],\"total\":13.7,\"productsTotal\":\"13.70\",\"status\":\"pending\",\"discountAmount\":\"1.37\"}','orders',1,0,'','2022-01-29 17:21:32','2022-01-29 17:21:35','text/plain','7vTqCqPE'),(315,NULL,'','','{\"orderType\":\"PICKUP\",\"deliveryArea\":{\"zipCode\":\"\",\"city\":\"Soup Restaurant, Carcow, Poland\",\"deliveryCost\":\"\"},\"deliveryTime\":\"Instant\",\"paymentMethod\":\"Cash\",\"name\":\"Walk in Customer\",\"street\":\"N\\/A\",\"phone\":\"N\\/A\",\"email\":\"N\\/A\",\"accessCode\":\"\",\"city\":\"N\\/A\",\"activeOffersIds\":[182,198],\"discountCoupon\":null,\"stripe\":null,\"currency\":\"EURO\",\"items\":[{\"id\":178,\"name\":\"Sushi\",\"price\":\"55.00\",\"description\":\"Tasty sushi \\ud83c\\udf63\",\"categoryId\":\"64\",\"additions\":[],\"options\":[],\"option_price\":0,\"addition_price\":0,\"quantity\":1,\"total\":\"55.00\",\"note\":\"\"},{\"categoryId\":\"65\",\"name\":\"Soup\",\"image\":{\"title\":\"Soup\",\"url\":\"http:\\/\\/localhost:4000\\/uploads\\/images\\/87b61a379c14845330c11a4aa92d610e.webp\"},\"description\":\"Lorem Ipsum is simply dummy text of the printing and typesetting industry. Lorem Ipsum has been the industry\'s standard dummy text ever since the 1500s, when an unknown printer took a galley of type and scrambled it to make a type specimen book. It has survived not only five centuries, but also the leap into electronic typesetting, remaining essentially unchanged. It was popularised in the 1960s with the release of Letraset sheets containing Lorem Ipsum passages, and more recently with desktop publishing software like Aldus PageMaker including versions of Lorem Ipsum.\",\"price\":0,\"options\":[],\"additions\":[],\"id\":179,\"order\":200,\"quantity\":1,\"total\":0,\"productsTotal\":0,\"option_price\":0,\"addition_price\":0}],\"total\":55,\"productsTotal\":\"55.00\",\"status\":\"pending\",\"discountAmount\":\"5.50\"}','orders',1,0,'','2022-01-29 17:26:42','2022-01-29 17:26:51','text/plain','fsq7JeC4'),(316,NULL,'','','{\"orderType\":\"PICKUP\",\"deliveryArea\":{\"zipCode\":\"\",\"city\":\"Soup Restaurant, Carcow, Poland\",\"deliveryCost\":\"\"},\"deliveryTime\":\"Instant\",\"paymentMethod\":\"Cash\",\"name\":\"Walk in Customer\",\"street\":\"N\\/A\",\"phone\":\"N\\/A\",\"email\":\"N\\/A\",\"accessCode\":\"\",\"city\":\"N\\/A\",\"activeOffersIds\":[182,198],\"discountCoupon\":null,\"stripe\":null,\"currency\":\"EURO\",\"items\":[{\"id\":240,\"name\":\"Sushi\",\"price\":\"10.70\",\"description\":\"description\",\"categoryId\":\"64\",\"additions\":[],\"options\":[],\"option_price\":0,\"addition_price\":0,\"quantity\":1,\"total\":\"10.70\",\"note\":\"\"},{\"categoryId\":\"65\",\"name\":\"Soup\",\"image\":{\"title\":\"Soup\",\"url\":\"http:\\/\\/localhost:4000\\/uploads\\/images\\/87b61a379c14845330c11a4aa92d610e.webp\"},\"description\":\"Lorem Ipsum is simply dummy text of the printing and typesetting industry. Lorem Ipsum has been the industry\'s standard dummy text ever since the 1500s, when an unknown printer took a galley of type and scrambled it to make a type specimen book. It has survived not only five centuries, but also the leap into electronic typesetting, remaining essentially unchanged. It was popularised in the 1960s with the release of Letraset sheets containing Lorem Ipsum passages, and more recently with desktop publishing software like Aldus PageMaker including versions of Lorem Ipsum.\",\"price\":0,\"options\":[],\"additions\":[],\"id\":179,\"order\":200,\"quantity\":1,\"total\":0,\"productsTotal\":0,\"option_price\":0,\"addition_price\":0}],\"total\":10.7,\"productsTotal\":\"10.70\",\"status\":\"pending\",\"discountAmount\":\"1.07\"}','orders',1,0,'','2022-01-29 17:32:06','2022-01-29 17:32:25','text/plain','hxRpxbwe'),(317,NULL,'','','{\"orderType\":\"PICKUP\",\"deliveryArea\":{\"zipCode\":\"\",\"city\":\"Soup Restaurant, Carcow, Poland\",\"deliveryCost\":\"\"},\"deliveryTime\":\"Instant\",\"paymentMethod\":\"Cash\",\"name\":\"Walk in Customer\",\"street\":\"N\\/A\",\"phone\":\"N\\/A\",\"email\":\"N\\/A\",\"accessCode\":\"\",\"city\":\"N\\/A\",\"activeOffersIds\":[182,198],\"discountCoupon\":null,\"stripe\":null,\"currency\":\"EURO\",\"items\":[{\"id\":178,\"name\":\"Sushi\",\"price\":\"55.00\",\"description\":\"Tasty sushi \\ud83c\\udf63\",\"categoryId\":\"64\",\"additions\":[],\"options\":[],\"option_price\":0,\"addition_price\":0,\"quantity\":1,\"total\":\"55.00\",\"note\":\"\"},{\"categoryId\":\"65\",\"name\":\"Soup\",\"image\":{\"title\":\"Soup\",\"url\":\"http:\\/\\/localhost:4000\\/uploads\\/images\\/87b61a379c14845330c11a4aa92d610e.webp\"},\"description\":\"Lorem Ipsum is simply dummy text of the printing and typesetting industry. Lorem Ipsum has been the industry\'s standard dummy text ever since the 1500s, when an unknown printer took a galley of type and scrambled it to make a type specimen book. It has survived not only five centuries, but also the leap into electronic typesetting, remaining essentially unchanged. It was popularised in the 1960s with the release of Letraset sheets containing Lorem Ipsum passages, and more recently with desktop publishing software like Aldus PageMaker including versions of Lorem Ipsum.\",\"price\":0,\"options\":[],\"additions\":[],\"id\":179,\"order\":200,\"quantity\":1,\"total\":0,\"productsTotal\":0,\"option_price\":0,\"addition_price\":0}],\"total\":55,\"productsTotal\":\"55.00\",\"status\":\"pending\",\"discountAmount\":\"5.50\"}','orders',1,0,'','2022-01-29 18:08:08','2022-01-29 18:08:12','text/plain','eWycEXF8'),(318,NULL,'','','{\"orderType\":\"PICKUP\",\"deliveryArea\":{\"zipCode\":\"\",\"city\":\"Soup Restaurant, Carcow, Poland\",\"deliveryCost\":\"\"},\"deliveryTime\":\"Instant\",\"paymentMethod\":\"Cash\",\"name\":\"Walk in Customer\",\"street\":\"N\\/A\",\"phone\":\"N\\/A\",\"email\":\"N\\/A\",\"accessCode\":\"\",\"city\":\"N\\/A\",\"activeOffersIds\":[182,198],\"discountCoupon\":null,\"stripe\":null,\"currency\":\"EURO\",\"items\":[{\"id\":240,\"name\":\"Sushi\",\"price\":\"10.70\",\"description\":\"description\",\"categoryId\":\"64\",\"additions\":[],\"options\":[],\"option_price\":0,\"addition_price\":0,\"quantity\":1,\"total\":\"10.70\",\"note\":\"\"},{\"categoryId\":\"65\",\"name\":\"Soup\",\"image\":{\"title\":\"Soup\",\"url\":\"http:\\/\\/localhost:4000\\/uploads\\/images\\/87b61a379c14845330c11a4aa92d610e.webp\"},\"description\":\"Lorem Ipsum is simply dummy text of the printing and typesetting industry. Lorem Ipsum has been the industry\'s standard dummy text ever since the 1500s, when an unknown printer took a galley of type and scrambled it to make a type specimen book. It has survived not only five centuries, but also the leap into electronic typesetting, remaining essentially unchanged. It was popularised in the 1960s with the release of Letraset sheets containing Lorem Ipsum passages, and more recently with desktop publishing software like Aldus PageMaker including versions of Lorem Ipsum.\",\"price\":0,\"options\":[],\"additions\":[],\"id\":179,\"order\":200,\"quantity\":1,\"total\":0,\"productsTotal\":0,\"option_price\":0,\"addition_price\":0}],\"total\":10.7,\"productsTotal\":\"10.70\",\"status\":\"pending\",\"discountAmount\":\"1.07\"}','orders',1,0,'','2022-01-29 18:12:54','2022-01-29 18:13:04','text/plain','b6Y4bKsS'),(319,NULL,'','','{\"orderType\":\"PICKUP\",\"deliveryArea\":{\"zipCode\":\"\",\"city\":\"Soup Restaurant, Carcow, Poland\",\"deliveryCost\":\"\"},\"deliveryTime\":\"Instant\",\"paymentMethod\":\"Cash\",\"name\":\"Walk in Customer\",\"street\":\"N\\/A\",\"phone\":\"N\\/A\",\"email\":\"N\\/A\",\"accessCode\":\"\",\"city\":\"N\\/A\",\"activeOffersIds\":[182,198],\"discountCoupon\":null,\"stripe\":null,\"currency\":\"EURO\",\"items\":[{\"id\":240,\"name\":\"Sushi\",\"price\":\"10.70\",\"description\":\"description\",\"categoryId\":\"64\",\"additions\":[],\"options\":[],\"option_price\":0,\"addition_price\":0,\"quantity\":1,\"total\":\"10.70\",\"note\":\"\"},{\"categoryId\":\"65\",\"name\":\"Soup\",\"image\":{\"title\":\"Soup\",\"url\":\"http:\\/\\/localhost:4000\\/uploads\\/images\\/87b61a379c14845330c11a4aa92d610e.webp\"},\"description\":\"Lorem Ipsum is simply dummy text of the printing and typesetting industry. Lorem Ipsum has been the industry\'s standard dummy text ever since the 1500s, when an unknown printer took a galley of type and scrambled it to make a type specimen book. It has survived not only five centuries, but also the leap into electronic typesetting, remaining essentially unchanged. It was popularised in the 1960s with the release of Letraset sheets containing Lorem Ipsum passages, and more recently with desktop publishing software like Aldus PageMaker including versions of Lorem Ipsum.\",\"price\":0,\"options\":[],\"additions\":[],\"id\":179,\"order\":200,\"quantity\":1,\"total\":0,\"productsTotal\":0,\"option_price\":0,\"addition_price\":0}],\"total\":10.7,\"productsTotal\":\"10.70\",\"status\":\"pending\",\"discountAmount\":\"1.07\"}','orders',1,0,'','2022-01-29 18:14:45','2022-01-29 18:17:04','text/plain','eRzYfP6A'),(320,NULL,'','','{\"orderType\":\"PICKUP\",\"deliveryArea\":{\"zipCode\":\"\",\"city\":\"Soup Restaurant, Carcow, Poland\",\"deliveryCost\":\"\"},\"deliveryTime\":\"Instant\",\"paymentMethod\":\"Cash\",\"name\":\"Walk in Customer\",\"street\":\"N\\/A\",\"phone\":\"N\\/A\",\"email\":\"N\\/A\",\"accessCode\":\"\",\"city\":\"N\\/A\",\"activeOffersIds\":[182,198],\"discountCoupon\":null,\"stripe\":null,\"currency\":\"EURO\",\"items\":[{\"id\":240,\"name\":\"Sushi\",\"price\":\"10.70\",\"description\":\"description\",\"categoryId\":\"64\",\"additions\":[],\"options\":[],\"option_price\":0,\"addition_price\":0,\"quantity\":1,\"total\":\"10.70\",\"note\":\"\"},{\"categoryId\":\"65\",\"name\":\"Soup\",\"image\":{\"title\":\"Soup\",\"url\":\"http:\\/\\/localhost:4000\\/uploads\\/images\\/87b61a379c14845330c11a4aa92d610e.webp\"},\"description\":\"Lorem Ipsum is simply dummy text of the printing and typesetting industry. Lorem Ipsum has been the industry\'s standard dummy text ever since the 1500s, when an unknown printer took a galley of type and scrambled it to make a type specimen book. It has survived not only five centuries, but also the leap into electronic typesetting, remaining essentially unchanged. It was popularised in the 1960s with the release of Letraset sheets containing Lorem Ipsum passages, and more recently with desktop publishing software like Aldus PageMaker including versions of Lorem Ipsum.\",\"price\":0,\"options\":[],\"additions\":[],\"id\":179,\"order\":200,\"quantity\":1,\"total\":0,\"productsTotal\":0,\"option_price\":0,\"addition_price\":0}],\"total\":10.7,\"productsTotal\":\"10.70\",\"status\":\"pending\",\"discountAmount\":\"1.07\"}','orders',1,0,'','2022-01-29 18:18:55','2022-01-29 18:21:17','text/plain','geVxj7FG'),(321,NULL,'','','{\"orderType\":\"PICKUP\",\"deliveryArea\":{\"zipCode\":\"\",\"city\":\"Soup Restaurant, Carcow, Poland\",\"deliveryCost\":\"\"},\"deliveryTime\":\"Instant\",\"paymentMethod\":\"Cash\",\"name\":\"Walk in Customer\",\"street\":\"N\\/A\",\"phone\":\"N\\/A\",\"email\":\"N\\/A\",\"accessCode\":\"\",\"city\":\"N\\/A\",\"activeOffersIds\":[182,198],\"discountCoupon\":null,\"stripe\":null,\"currency\":\"EURO\",\"items\":[{\"id\":240,\"name\":\"Sushi\",\"price\":\"10.70\",\"description\":\"description\",\"categoryId\":\"64\",\"additions\":[],\"options\":[],\"option_price\":0,\"addition_price\":0,\"quantity\":1,\"total\":\"10.70\",\"note\":\"\"},{\"categoryId\":\"65\",\"name\":\"Soup\",\"image\":{\"title\":\"Soup\",\"url\":\"http:\\/\\/localhost:4000\\/uploads\\/images\\/87b61a379c14845330c11a4aa92d610e.webp\"},\"description\":\"Lorem Ipsum is simply dummy text of the printing and typesetting industry. Lorem Ipsum has been the industry\'s standard dummy text ever since the 1500s, when an unknown printer took a galley of type and scrambled it to make a type specimen book. It has survived not only five centuries, but also the leap into electronic typesetting, remaining essentially unchanged. It was popularised in the 1960s with the release of Letraset sheets containing Lorem Ipsum passages, and more recently with desktop publishing software like Aldus PageMaker including versions of Lorem Ipsum.\",\"price\":0,\"options\":[],\"additions\":[],\"id\":179,\"order\":200,\"quantity\":1,\"total\":0,\"productsTotal\":0,\"option_price\":0,\"addition_price\":0}],\"total\":10.7,\"productsTotal\":\"10.70\",\"status\":\"pending\",\"discountAmount\":\"1.07\"}','orders',1,0,'','2022-01-29 18:24:14','2022-01-29 18:24:14','text/plain','cntKia3s'),(322,NULL,'','','{\"orderType\":\"PICKUP\",\"deliveryArea\":{\"zipCode\":\"\",\"city\":\"Soup Restaurant, Carcow, Poland\",\"deliveryCost\":\"\"},\"deliveryTime\":\"Instant\",\"paymentMethod\":\"Cash\",\"name\":\"Walk in Customer\",\"street\":\"N\\/A\",\"phone\":\"N\\/A\",\"email\":\"N\\/A\",\"accessCode\":\"\",\"city\":\"N\\/A\",\"activeOffersIds\":[182,198],\"discountCoupon\":null,\"stripe\":null,\"currency\":\"EURO\",\"items\":[{\"id\":240,\"name\":\"Sushi\",\"price\":\"10.70\",\"description\":\"description\",\"categoryId\":\"64\",\"additions\":[],\"options\":[],\"option_price\":0,\"addition_price\":0,\"quantity\":1,\"total\":\"10.70\",\"note\":\"\"},{\"categoryId\":\"65\",\"name\":\"Soup\",\"image\":{\"title\":\"Soup\",\"url\":\"http:\\/\\/localhost:4000\\/uploads\\/images\\/87b61a379c14845330c11a4aa92d610e.webp\"},\"description\":\"Lorem Ipsum is simply dummy text of the printing and typesetting industry. Lorem Ipsum has been the industry\'s standard dummy text ever since the 1500s, when an unknown printer took a galley of type and scrambled it to make a type specimen book. It has survived not only five centuries, but also the leap into electronic typesetting, remaining essentially unchanged. It was popularised in the 1960s with the release of Letraset sheets containing Lorem Ipsum passages, and more recently with desktop publishing software like Aldus PageMaker including versions of Lorem Ipsum.\",\"price\":0,\"options\":[],\"additions\":[],\"id\":179,\"order\":200,\"quantity\":1,\"total\":0,\"productsTotal\":0,\"option_price\":0,\"addition_price\":0}],\"total\":10.7,\"productsTotal\":\"10.70\",\"status\":\"pending\",\"discountAmount\":\"1.07\"}','orders',1,0,'','2022-01-29 18:26:01','2022-01-29 18:26:02','text/plain','qIguhtIY'),(323,NULL,'','','{\"orderType\":\"PICKUP\",\"deliveryArea\":{\"zipCode\":\"\",\"city\":\"Soup Restaurant, Carcow, Poland\",\"deliveryCost\":\"\"},\"deliveryTime\":\"Instant\",\"paymentMethod\":\"Cash+Card\",\"name\":\"Walk in Customer\",\"street\":\"N\\/A\",\"phone\":\"N\\/A\",\"email\":\"N\\/A\",\"accessCode\":\"\",\"city\":\"N\\/A\",\"activeOffersIds\":[182,198],\"discountCoupon\":null,\"stripe\":null,\"currency\":\"EURO\",\"items\":[{\"id\":178,\"name\":\"Sushi\",\"price\":\"55.00\",\"description\":\"Tasty sushi \\ud83c\\udf63\",\"categoryId\":\"64\",\"additions\":[],\"options\":[],\"option_price\":0,\"addition_price\":0,\"quantity\":1,\"total\":\"55.00\",\"note\":\"\"},{\"categoryId\":\"65\",\"name\":\"Soup\",\"image\":{\"title\":\"Soup\",\"url\":\"http:\\/\\/localhost:4000\\/uploads\\/images\\/87b61a379c14845330c11a4aa92d610e.webp\"},\"description\":\"Lorem Ipsum is simply dummy text of the printing and typesetting industry. Lorem Ipsum has been the industry\'s standard dummy text ever since the 1500s, when an unknown printer took a galley of type and scrambled it to make a type specimen book. It has survived not only five centuries, but also the leap into electronic typesetting, remaining essentially unchanged. It was popularised in the 1960s with the release of Letraset sheets containing Lorem Ipsum passages, and more recently with desktop publishing software like Aldus PageMaker including versions of Lorem Ipsum.\",\"price\":0,\"options\":[],\"additions\":[],\"id\":179,\"order\":200,\"quantity\":1,\"total\":0,\"productsTotal\":0,\"option_price\":0,\"addition_price\":0}],\"total\":55,\"productsTotal\":\"55.00\",\"status\":\"pending\",\"discountAmount\":\"5.50\"}','orders',1,0,'','2022-01-29 18:27:52','2022-01-29 18:27:52','text/plain','875kuug4'),(324,NULL,'','','{\"orderType\":\"PICKUP\",\"deliveryArea\":{\"zipCode\":\"\",\"city\":\"Soup Restaurant, Carcow, Poland\",\"deliveryCost\":\"\"},\"deliveryTime\":\"Instant\",\"paymentMethod\":\"Card\",\"name\":\"Walk in Customer\",\"street\":\"N\\/A\",\"phone\":\"N\\/A\",\"email\":\"N\\/A\",\"accessCode\":\"\",\"city\":\"N\\/A\",\"activeOffersIds\":[182,198],\"discountCoupon\":null,\"stripe\":null,\"currency\":\"EURO\",\"items\":[{\"id\":308,\"name\":\"Sauce\",\"price\":\"12.00\",\"description\":\"g\",\"categoryId\":\"65\",\"additions\":[],\"options\":[{\"id\":176,\"name\":\"Size\",\"value\":{\"name\":\"Medium\",\"price\":5,\"id\":2}}],\"option_price\":5,\"addition_price\":0,\"quantity\":2,\"total\":\"34.00\",\"note\":\"\"},{\"categoryId\":\"65\",\"name\":\"Soup\",\"image\":{\"title\":\"Soup\",\"url\":\"http:\\/\\/localhost:4000\\/uploads\\/images\\/87b61a379c14845330c11a4aa92d610e.webp\"},\"description\":\"Lorem Ipsum is simply dummy text of the printing and typesetting industry. Lorem Ipsum has been the industry\'s standard dummy text ever since the 1500s, when an unknown printer took a galley of type and scrambled it to make a type specimen book. It has survived not only five centuries, but also the leap into electronic typesetting, remaining essentially unchanged. It was popularised in the 1960s with the release of Letraset sheets containing Lorem Ipsum passages, and more recently with desktop publishing software like Aldus PageMaker including versions of Lorem Ipsum.\",\"price\":0,\"options\":[],\"additions\":[],\"id\":179,\"order\":200,\"quantity\":1,\"total\":0,\"productsTotal\":0,\"option_price\":0,\"addition_price\":0},{\"id\":179,\"name\":\"Soup\",\"price\":\"10.00\",\"description\":\"Lorem Ipsum is simply dummy text of the printing and typesetting industry. Lorem Ipsum has been the industry\'s standard dummy text ever since the 1500s, when an unknown printer took a galley of type and scrambled it to make a type specimen book. It has survived not only five centuries, but also the leap into electronic typesetting, remaining essentially unchanged. It was popularised in the 1960s with the release of Letraset sheets containing Lorem Ipsum passages, and more recently with desktop publishing software like Aldus PageMaker including versions of Lorem Ipsum.\",\"categoryId\":\"65\",\"additions\":[],\"options\":[],\"option_price\":0,\"addition_price\":0,\"quantity\":1,\"total\":\"10.00\",\"note\":\"\"}],\"total\":44,\"productsTotal\":\"44.00\",\"status\":\"pending\",\"discountAmount\":\"4.40\"}','orders',1,0,'','2022-01-29 18:45:42','2022-01-29 18:45:43','text/plain','fY0it1qH'),(325,NULL,'','','{\"orderType\":\"PICKUP\",\"deliveryArea\":{\"zipCode\":\"\",\"city\":\"Soup Restaurant, Carcow, Poland\",\"deliveryCost\":\"\"},\"deliveryTime\":\"Instant\",\"paymentMethod\":\"Cash\",\"name\":\"Walk in Customer\",\"street\":\"N\\/A\",\"phone\":\"N\\/A\",\"email\":\"N\\/A\",\"accessCode\":\"\",\"city\":\"N\\/A\",\"activeOffersIds\":[182,198],\"discountCoupon\":null,\"stripe\":null,\"currency\":\"EURO\",\"items\":[{\"id\":178,\"name\":\"Sushi\",\"price\":\"55.00\",\"description\":\"Tasty sushi \\ud83c\\udf63\",\"categoryId\":\"64\",\"additions\":[],\"options\":[],\"option_price\":0,\"addition_price\":0,\"quantity\":1,\"total\":\"55.00\",\"note\":\"\"},{\"categoryId\":\"65\",\"name\":\"Soup\",\"image\":{\"title\":\"Soup\",\"url\":\"http:\\/\\/localhost:4000\\/uploads\\/images\\/87b61a379c14845330c11a4aa92d610e.webp\"},\"description\":\"Lorem Ipsum is simply dummy text of the printing and typesetting industry. Lorem Ipsum has been the industry\'s standard dummy text ever since the 1500s, when an unknown printer took a galley of type and scrambled it to make a type specimen book. It has survived not only five centuries, but also the leap into electronic typesetting, remaining essentially unchanged. It was popularised in the 1960s with the release of Letraset sheets containing Lorem Ipsum passages, and more recently with desktop publishing software like Aldus PageMaker including versions of Lorem Ipsum.\",\"price\":0,\"options\":[],\"additions\":[],\"id\":179,\"order\":200,\"quantity\":1,\"total\":0,\"productsTotal\":0,\"option_price\":0,\"addition_price\":0}],\"total\":55,\"productsTotal\":\"55.00\",\"status\":\"pending\",\"discountAmount\":\"5.50\"}','orders',1,0,'','2022-01-29 18:47:49','2022-01-29 18:47:49','text/plain','9pxFYlwl'),(326,NULL,'','','{\"orderType\":\"PICKUP\",\"deliveryArea\":{\"zipCode\":\"\",\"city\":\"Soup Restaurant, Carcow, Poland\",\"deliveryCost\":\"\"},\"deliveryTime\":\"Instant\",\"paymentMethod\":\"Cash\",\"name\":\"Walk in Customer\",\"street\":\"N\\/A\",\"phone\":\"N\\/A\",\"email\":\"N\\/A\",\"accessCode\":\"\",\"city\":\"N\\/A\",\"activeOffersIds\":[182,198],\"discountCoupon\":null,\"stripe\":null,\"currency\":\"EURO\",\"items\":[{\"id\":240,\"name\":\"Sushi\",\"price\":\"10.70\",\"description\":\"description\",\"categoryId\":\"64\",\"additions\":[],\"options\":[],\"option_price\":0,\"addition_price\":0,\"quantity\":1,\"total\":\"10.70\",\"note\":\"\"},{\"categoryId\":\"65\",\"name\":\"Soup\",\"image\":{\"title\":\"Soup\",\"url\":\"http:\\/\\/localhost:4000\\/uploads\\/images\\/87b61a379c14845330c11a4aa92d610e.webp\"},\"description\":\"Lorem Ipsum is simply dummy text of the printing and typesetting industry. Lorem Ipsum has been the industry\'s standard dummy text ever since the 1500s, when an unknown printer took a galley of type and scrambled it to make a type specimen book. It has survived not only five centuries, but also the leap into electronic typesetting, remaining essentially unchanged. It was popularised in the 1960s with the release of Letraset sheets containing Lorem Ipsum passages, and more recently with desktop publishing software like Aldus PageMaker including versions of Lorem Ipsum.\",\"price\":0,\"options\":[],\"additions\":[],\"id\":179,\"order\":200,\"quantity\":1,\"total\":0,\"productsTotal\":0,\"option_price\":0,\"addition_price\":0}],\"total\":10.7,\"productsTotal\":\"10.70\",\"status\":\"pending\",\"discountAmount\":\"1.07\"}','orders',1,0,'','2022-01-29 18:51:12','2022-01-29 18:51:12','text/plain','fAb7JksQ'),(327,NULL,'','','{\"orderType\":\"PICKUP\",\"deliveryArea\":{\"zipCode\":\"\",\"city\":\"Soup Restaurant, Carcow, Poland\",\"deliveryCost\":\"\"},\"deliveryTime\":\"Instant\",\"paymentMethod\":\"Cash\",\"name\":\"Walk in Customer\",\"street\":\"N\\/A\",\"phone\":\"N\\/A\",\"email\":\"N\\/A\",\"accessCode\":\"\",\"city\":\"N\\/A\",\"activeOffersIds\":[182,198],\"discountCoupon\":null,\"stripe\":null,\"currency\":\"EURO\",\"items\":[{\"id\":240,\"name\":\"Sushi\",\"price\":\"10.70\",\"description\":\"description\",\"categoryId\":\"64\",\"additions\":[],\"options\":[],\"option_price\":0,\"addition_price\":0,\"quantity\":1,\"total\":\"10.70\",\"note\":\"\"},{\"categoryId\":\"65\",\"name\":\"Soup\",\"image\":{\"title\":\"Soup\",\"url\":\"http:\\/\\/localhost:4000\\/uploads\\/images\\/87b61a379c14845330c11a4aa92d610e.webp\"},\"description\":\"Lorem Ipsum is simply dummy text of the printing and typesetting industry. Lorem Ipsum has been the industry\'s standard dummy text ever since the 1500s, when an unknown printer took a galley of type and scrambled it to make a type specimen book. It has survived not only five centuries, but also the leap into electronic typesetting, remaining essentially unchanged. It was popularised in the 1960s with the release of Letraset sheets containing Lorem Ipsum passages, and more recently with desktop publishing software like Aldus PageMaker including versions of Lorem Ipsum.\",\"price\":0,\"options\":[],\"additions\":[],\"id\":179,\"order\":200,\"quantity\":1,\"total\":0,\"productsTotal\":0,\"option_price\":0,\"addition_price\":0}],\"total\":10.7,\"productsTotal\":\"10.70\",\"status\":\"pending\",\"discountAmount\":\"1.07\"}','orders',1,0,'','2022-01-29 18:52:07','2022-01-29 18:52:07','text/plain','hqP2wDo2'),(328,NULL,'','','{\"orderType\":\"PICKUP\",\"deliveryArea\":{\"zipCode\":\"\",\"city\":\"Soup Restaurant, Carcow, Poland\",\"deliveryCost\":\"\"},\"deliveryTime\":\"Instant\",\"paymentMethod\":\"Cash\",\"name\":\"Walk in Customer\",\"street\":\"N\\/A\",\"phone\":\"N\\/A\",\"email\":\"N\\/A\",\"accessCode\":\"\",\"city\":\"N\\/A\",\"activeOffersIds\":[182,198],\"discountCoupon\":null,\"stripe\":null,\"currency\":\"EURO\",\"items\":[{\"id\":197,\"name\":\"Sushi 2\",\"price\":\"123.00\",\"description\":\"desc\",\"categoryId\":\"64\",\"additions\":[],\"options\":[],\"option_price\":0,\"addition_price\":0,\"quantity\":1,\"total\":\"123.00\",\"note\":\"\"},{\"categoryId\":\"65\",\"name\":\"Soup\",\"image\":{\"title\":\"Soup\",\"url\":\"http:\\/\\/localhost:4000\\/uploads\\/images\\/87b61a379c14845330c11a4aa92d610e.webp\"},\"description\":\"Lorem Ipsum is simply dummy text of the printing and typesetting industry. Lorem Ipsum has been the industry\'s standard dummy text ever since the 1500s, when an unknown printer took a galley of type and scrambled it to make a type specimen book. It has survived not only five centuries, but also the leap into electronic typesetting, remaining essentially unchanged. It was popularised in the 1960s with the release of Letraset sheets containing Lorem Ipsum passages, and more recently with desktop publishing software like Aldus PageMaker including versions of Lorem Ipsum.\",\"price\":0,\"options\":[],\"additions\":[],\"id\":179,\"order\":200,\"quantity\":1,\"total\":0,\"productsTotal\":0,\"option_price\":0,\"addition_price\":0}],\"total\":123,\"productsTotal\":\"123.00\",\"status\":\"pending\",\"discountAmount\":\"12.30\"}','orders',1,0,'','2022-01-29 18:53:18','2022-01-29 18:53:18','text/plain','DXNnnY5B'),(329,NULL,'','','{\"orderType\":\"PICKUP\",\"deliveryArea\":{\"zipCode\":\"\",\"city\":\"Soup Restaurant, Carcow, Poland\",\"deliveryCost\":\"\"},\"deliveryTime\":\"Instant\",\"paymentMethod\":\"Card\",\"name\":\"Walk in Customer\",\"street\":\"N\\/A\",\"phone\":\"N\\/A\",\"email\":\"N\\/A\",\"accessCode\":\"\",\"city\":\"N\\/A\",\"activeOffersIds\":[182,198],\"discountCoupon\":null,\"stripe\":null,\"currency\":\"EURO\",\"items\":[{\"id\":240,\"name\":\"Sushi\",\"price\":\"10.70\",\"description\":\"description\",\"categoryId\":\"64\",\"additions\":[],\"options\":[],\"option_price\":0,\"addition_price\":0,\"quantity\":1,\"total\":\"10.70\",\"note\":\"\"},{\"categoryId\":\"65\",\"name\":\"Soup\",\"image\":{\"title\":\"Soup\",\"url\":\"http:\\/\\/localhost:4000\\/uploads\\/images\\/87b61a379c14845330c11a4aa92d610e.webp\"},\"description\":\"Lorem Ipsum is simply dummy text of the printing and typesetting industry. Lorem Ipsum has been the industry\'s standard dummy text ever since the 1500s, when an unknown printer took a galley of type and scrambled it to make a type specimen book. It has survived not only five centuries, but also the leap into electronic typesetting, remaining essentially unchanged. It was popularised in the 1960s with the release of Letraset sheets containing Lorem Ipsum passages, and more recently with desktop publishing software like Aldus PageMaker including versions of Lorem Ipsum.\",\"price\":0,\"options\":[],\"additions\":[],\"id\":179,\"order\":200,\"quantity\":1,\"total\":0,\"productsTotal\":0,\"option_price\":0,\"addition_price\":0},{\"id\":178,\"name\":\"Sushi\",\"price\":\"55.00\",\"description\":\"Tasty sushi \\ud83c\\udf63\",\"categoryId\":\"64\",\"additions\":[],\"options\":[],\"option_price\":0,\"addition_price\":0,\"quantity\":1,\"total\":\"55.00\",\"note\":\"\"}],\"total\":65.7,\"productsTotal\":\"65.70\",\"status\":\"out_for_delivery\",\"discountAmount\":\"6.57\"}','orders',1,0,'','2022-01-29 18:55:08','2022-01-30 23:39:56','text/plain','fIDOoDmt'),(330,NULL,'','','{\"orderType\":\"PICKUP\",\"deliveryArea\":{\"zipCode\":\"N\\/A\",\"city\":\"Soup Restaurant, St John 21\\/52, Carcow, Poland\",\"deliveryCost\":\"0\"},\"deliveryTime\":\"\",\"paymentMethod\":\"CASH\",\"name\":\"Obaydur\",\"city\":\"Narayanganj\",\"street\":\"Noya Ati, Rosulbag, Siddhirganj, Narayanganj\",\"phone\":\"01304461899\",\"email\":\"obayed.opu@gmail.com\",\"activeOffersIds\":[182,198],\"discountCoupon\":null,\"stripe\":null,\"currency\":\"EURO\",\"items\":[{\"id\":240,\"name\":\"Sushi\",\"description\":\"description\",\"categoryId\":\"64\",\"additions\":[],\"options\":[{\"id\":176,\"name\":\"Size\",\"value\":{\"name\":\"Small\",\"price\":0,\"id\":1}},{\"id\":177,\"name\":\"Sauce\",\"value\":{\"name\":\"Chili Sauce\",\"price\":1,\"id\":1}}],\"price\":\"10.70\",\"addition_price\":\"0.00\",\"option_price\":\"0.00\",\"total\":\"10.70\",\"quantity\":1},{\"id\":179,\"name\":\"Soup\",\"description\":\"Lorem Ipsum is simply dummy text of the printing and typesetting industry. Lorem Ipsum has been the industry\'s standard dummy text ever since the 1500s, when an unknown printer took a galley of type and scrambled it to make a type specimen book. It has survived not only five centuries, but also the leap into electronic typesetting, remaining essentially unchanged. It was popularised in the 1960s with the release of Letraset sheets containing Lorem Ipsum passages, and more recently with desktop publishing software like Aldus PageMaker including versions of Lorem Ipsum.\",\"categoryId\":\"65\",\"price\":\"0.00\",\"addition_price\":\"0.00\",\"option_price\":\"0.00\",\"total\":\"0.00\",\"quantity\":1}],\"discountAmount\":\"1.07\",\"total\":10.7,\"deliveryCost\":0,\"productsTotal\":\"10.70\",\"status\":\"pending\"}','orders',1,0,'','2022-01-31 23:48:03','2022-01-31 23:48:08','text/plain','7EMmVvSi'),(331,NULL,'','','{\"orderType\":\"DELIVERY\",\"deliveryArea\":{\"zipCode\":\"1430\",\"city\":\"Narayanganj\",\"deliveryCost\":\"2\"},\"deliveryTime\":\"\",\"paymentMethod\":\"CASH\",\"name\":\"Obaydur\",\"street\":\"Noya Ati, Rosulbag, Siddhirganj, Narayanganj\",\"phone\":\"01304461899\",\"email\":\"obayed.opu@gmail.com\",\"accessCode\":\"1234\",\"activeOffersIds\":[182,198],\"discountCoupon\":null,\"stripe\":null,\"currency\":\"EURO\",\"items\":[{\"id\":197,\"name\":\"Sushi 2\",\"description\":\"desc\",\"categoryId\":\"64\",\"additions\":[{\"name\":\"Chopsticks\",\"price\":2,\"id\":174}],\"options\":[{\"id\":176,\"name\":\"Size\",\"value\":{\"name\":\"Large\",\"price\":10,\"id\":3}},{\"id\":177,\"name\":\"Sauce\",\"value\":{\"name\":\"Tomato Sauce \",\"price\":1,\"id\":2}}],\"price\":\"123.00\",\"addition_price\":\"2.00\",\"option_price\":\"11.00\",\"total\":\"272.00\",\"quantity\":2},{\"id\":178,\"name\":\"Sushi\",\"description\":\"Tasty sushi \\ud83c\\udf63\",\"categoryId\":\"64\",\"additions\":[],\"options\":[{\"id\":176,\"name\":\"Size\",\"value\":{\"name\":\"Small\",\"price\":0,\"id\":1}},{\"id\":177,\"name\":\"Sauce\",\"value\":{\"name\":\"Chili Sauce\",\"price\":1,\"id\":1}}],\"price\":\"55.00\",\"addition_price\":\"0.00\",\"option_price\":\"0.00\",\"total\":\"55.00\",\"quantity\":1},{\"id\":179,\"name\":\"Soup\",\"description\":\"Lorem Ipsum is simply dummy text of the printing and typesetting industry. Lorem Ipsum has been the industry\'s standard dummy text ever since the 1500s, when an unknown printer took a galley of type and scrambled it to make a type specimen book. It has survived not only five centuries, but also the leap into electronic typesetting, remaining essentially unchanged. It was popularised in the 1960s with the release of Letraset sheets containing Lorem Ipsum passages, and more recently with desktop publishing software like Aldus PageMaker including versions of Lorem Ipsum.\",\"categoryId\":\"65\",\"price\":\"0.00\",\"addition_price\":\"0.00\",\"option_price\":\"0.00\",\"total\":\"0.00\",\"quantity\":1}],\"discountAmount\":\"32.70\",\"total\":327,\"deliveryCost\":2,\"productsTotal\":\"327.00\",\"status\":\"pending\"}','orders',1,0,'','2022-02-01 17:26:21','2022-02-01 17:26:26','text/plain','8vqWbYQd'),(332,NULL,'','','{\"orderType\":\"PICKUP\",\"deliveryArea\":{\"zipCode\":\"\",\"city\":\"Sushitown, Narayanganj, Bangladesh\",\"deliveryCost\":\"\"},\"deliveryTime\":\"Instant\",\"paymentMethod\":\"Cash+Card\",\"name\":\"Obayed Ur Rahman Opu\",\"street\":\"Noya Ati, Rosulbag, Siddhirganj, Narayanganj\\n24534\",\"phone\":\"+8801304461899\",\"email\":\"obayed.opu@gmail.com\",\"accessCode\":\"\",\"city\":\"N\\/A\",\"activeOffersIds\":[182,198],\"discountCoupon\":null,\"stripe\":null,\"currency\":\"EURO\",\"items\":[{\"id\":179,\"name\":\"Soup\",\"price\":\"10.00\",\"description\":\"Lorem Ipsum is simply dummy text of the printing and typesetting industry. Lorem Ipsum has been the industry\'s standard dummy text ever since the 1500s, when an unknown printer took a galley of type and scrambled it to make a type specimen book. It has survived not only five centuries, but also the leap into electronic typesetting, remaining essentially unchanged. It was popularised in the 1960s with the release of Letraset sheets containing Lorem Ipsum passages, and more recently with desktop publishing software like Aldus PageMaker including versions of Lorem Ipsum.\",\"categoryId\":\"65\",\"additions\":[{\"name\":\"Water\",\"price\":1,\"id\":175}],\"options\":[{\"id\":176,\"name\":\"Size\",\"value\":{\"name\":\"Medium\",\"price\":5,\"id\":2}}],\"option_price\":5,\"addition_price\":1,\"quantity\":2,\"total\":\"32.00\",\"note\":\"\"}],\"total\":32,\"productsTotal\":\"32.00\",\"status\":\"pending\",\"discountAmount\":\"3.20\"}','orders',1,0,'','2022-02-01 19:16:05','2022-02-01 19:16:05','text/plain','6DPBC6Pn'),(333,245,'','','{\"orderType\":\"PICKUP\",\"deliveryArea\":{\"zipCode\":\"\",\"city\":\"Sushitown, Narayanganj, Bangladesh\",\"deliveryCost\":\"\"},\"deliveryTime\":\"Instant\",\"paymentMethod\":\"Cash\",\"name\":\"Test User\",\"street\":\"address, goes, here\",\"phone\":\"0132374847\",\"email\":\"email@email.com\",\"accessCode\":\"\",\"city\":\"N\\/A\",\"activeOffersIds\":[182,198],\"discountCoupon\":null,\"stripe\":null,\"currency\":\"EURO\",\"items\":[{\"id\":197,\"name\":\"Sushi 2\",\"price\":\"123.00\",\"description\":\"desc\",\"categoryId\":\"64\",\"additions\":[],\"options\":[],\"option_price\":0,\"addition_price\":0,\"quantity\":1,\"total\":\"123.00\",\"note\":\"\"},{\"categoryId\":\"65\",\"name\":\"Soup\",\"image\":{\"title\":\"Soup\",\"url\":\"http:\\/\\/localhost:4000\\/uploads\\/images\\/87b61a379c14845330c11a4aa92d610e.webp\"},\"description\":\"Lorem Ipsum is simply dummy text of the printing and typesetting industry. Lorem Ipsum has been the industry\'s standard dummy text ever since the 1500s, when an unknown printer took a galley of type and scrambled it to make a type specimen book. It has survived not only five centuries, but also the leap into electronic typesetting, remaining essentially unchanged. It was popularised in the 1960s with the release of Letraset sheets containing Lorem Ipsum passages, and more recently with desktop publishing software like Aldus PageMaker including versions of Lorem Ipsum.\",\"price\":0,\"options\":[],\"additions\":[],\"id\":179,\"order\":200,\"quantity\":1,\"total\":0,\"productsTotal\":0,\"option_price\":0,\"addition_price\":0}],\"total\":123,\"productsTotal\":\"123.00\",\"status\":\"pending\",\"discountAmount\":\"12.30\"}','orders',1,0,'','2022-02-01 22:14:20','2022-02-01 22:14:20','text/plain','jgPZYACH'),(335,250,'','','{\"orderType\":\"PICKUP\",\"deliveryArea\":{\"zipCode\":\"\",\"city\":\"Soup Restaurant, Carcow, Poland\",\"deliveryCost\":\"\"},\"customerId\":null,\"deliveryTime\":\"Instant\",\"paymentMethod\":\"Cash\",\"name\":\"new customer\",\"street\":\"long address\",\"phone\":\"2324344545\",\"email\":\"email@amail.com\",\"accessCode\":\"\",\"city\":\"N\\/A\",\"activeOffersIds\":[182,198],\"discountCoupon\":null,\"stripe\":null,\"currency\":\"EURO\",\"items\":[{\"id\":240,\"name\":\"Sushi\",\"price\":\"10.70\",\"description\":\"description\",\"categoryId\":\"64\",\"additions\":[],\"options\":[],\"option_price\":0,\"addition_price\":0,\"quantity\":1,\"total\":\"10.70\",\"note\":\"\"},{\"categoryId\":\"65\",\"name\":\"Soup\",\"image\":{\"title\":\"Soup\",\"url\":\"http:\\/\\/localhost:4000\\/uploads\\/images\\/87b61a379c14845330c11a4aa92d610e.webp\"},\"description\":\"Lorem Ipsum is simply dummy text of the printing and typesetting industry. Lorem Ipsum has been the industry\'s standard dummy text ever since the 1500s, when an unknown printer took a galley of type and scrambled it to make a type specimen book. It has survived not only five centuries, but also the leap into electronic typesetting, remaining essentially unchanged. It was popularised in the 1960s with the release of Letraset sheets containing Lorem Ipsum passages, and more recently with desktop publishing software like Aldus PageMaker including versions of Lorem Ipsum.\",\"price\":0,\"options\":[],\"additions\":[],\"id\":179,\"order\":200,\"quantity\":1,\"total\":0,\"productsTotal\":0,\"option_price\":0,\"addition_price\":0}],\"total\":10.7,\"productsTotal\":\"10.70\",\"status\":\"pending\",\"discountAmount\":\"1.07\"}','orders',1,0,'','2022-02-02 01:48:43','2022-02-02 01:48:43','text/plain','96o3IjRz'),(338,253,'','','{\"orderType\":\"PICKUP\",\"deliveryArea\":{\"zipCode\":\"\",\"city\":\"Sushitown, Narayanganj, Bangladesh\",\"deliveryCost\":\"\"},\"customerId\":null,\"deliveryTime\":\"Instant\",\"paymentMethod\":\"Cash\",\"name\":\"Street User\",\"street\":\"address goes here\",\"phone\":\"343435454\",\"email\":\"34343@example.com\",\"accessCode\":\"\",\"city\":\"N\\/A\",\"activeOffersIds\":[182,198],\"discountCoupon\":null,\"stripe\":null,\"currency\":\"EURO\",\"items\":[{\"id\":308,\"name\":\"Sauce\",\"price\":\"12.00\",\"description\":\"g\",\"categoryId\":\"65\",\"additions\":[],\"options\":[],\"option_price\":0,\"addition_price\":0,\"quantity\":1,\"total\":\"12.00\",\"note\":\"\"},{\"categoryId\":\"65\",\"name\":\"Soup\",\"image\":{\"title\":\"Soup\",\"url\":\"http:\\/\\/localhost:4000\\/uploads\\/images\\/87b61a379c14845330c11a4aa92d610e.webp\"},\"description\":\"Lorem Ipsum is simply dummy text of the printing and typesetting industry. Lorem Ipsum has been the industry\'s standard dummy text ever since the 1500s, when an unknown printer took a galley of type and scrambled it to make a type specimen book. It has survived not only five centuries, but also the leap into electronic typesetting, remaining essentially unchanged. It was popularised in the 1960s with the release of Letraset sheets containing Lorem Ipsum passages, and more recently with desktop publishing software like Aldus PageMaker including versions of Lorem Ipsum.\",\"price\":0,\"options\":[],\"additions\":[],\"id\":179,\"order\":200,\"quantity\":1,\"total\":0,\"productsTotal\":0,\"option_price\":0,\"addition_price\":0}],\"total\":12,\"productsTotal\":\"12.00\",\"status\":\"pending\",\"discountAmount\":\"1.20\"}','orders',1,0,'','2022-02-03 17:02:41','2022-02-03 17:02:42','text/plain','gHTgskJ3'),(339,NULL,'','','{\"orderType\":\"DELIVERY\",\"deliveryArea\":{\"zipCode\":\"1430\",\"city\":\"Narayanganj\",\"deliveryCost\":\"2\"},\"deliveryTime\":{\"name\":\"01:00 PM to 02:00 PM\",\"value\":0,\"startTime\":\"13:00\",\"endTime\":\"14:00\",\"maxOrder\":\"20\"},\"paymentMethod\":\"CASH\",\"name\":\"Obayed Ur Rahman\",\"street\":\"Noya Ati, Rosulbag, Siddhirganj, Narayanganj\",\"phone\":\"8801304461899\",\"email\":\"obayed.opu@gmail.com\",\"accessCode\":\"7554\",\"activeOffersIds\":[182,198],\"discountCoupon\":null,\"stripe\":null,\"currency\":\"EURO\",\"items\":[{\"id\":308,\"name\":\"Sauce\",\"description\":\"g\",\"categoryId\":\"65\",\"additions\":[],\"options\":[{\"id\":176,\"name\":\"Size\",\"value\":{\"name\":\"Small\",\"price\":0,\"id\":1}}],\"price\":\"12.00\",\"addition_price\":\"0.00\",\"option_price\":\"0.00\",\"total\":\"12.00\",\"quantity\":1},{\"id\":197,\"name\":\"Sushi 2\",\"description\":\"desc\",\"categoryId\":\"64\",\"additions\":[],\"options\":[{\"id\":176,\"name\":\"Size\",\"value\":{\"name\":\"Small\",\"price\":0,\"id\":1}},{\"id\":177,\"name\":\"Sauce\",\"value\":{\"name\":\"Chili Sauce\",\"price\":1,\"id\":1}}],\"price\":\"123.00\",\"addition_price\":\"0.00\",\"option_price\":\"0.00\",\"total\":\"123.00\",\"quantity\":1},{\"id\":178,\"name\":\"Sushi\",\"description\":\"Tasty sushi \\ud83c\\udf63\",\"categoryId\":\"64\",\"additions\":[],\"options\":[{\"id\":176,\"name\":\"Size\",\"value\":{\"name\":\"Small\",\"price\":0,\"id\":1}},{\"id\":177,\"name\":\"Sauce\",\"value\":{\"name\":\"Chili Sauce\",\"price\":1,\"id\":1}}],\"price\":\"55.00\",\"addition_price\":\"0.00\",\"option_price\":\"0.00\",\"total\":\"55.00\",\"quantity\":1},{\"id\":240,\"name\":\"Sushi\",\"description\":\"description\",\"categoryId\":\"64\",\"additions\":[{\"name\":\"Chopsticks\",\"price\":2,\"id\":174}],\"options\":[{\"id\":176,\"name\":\"Size\",\"value\":{\"name\":\"Large\",\"price\":10,\"id\":3}},{\"id\":177,\"name\":\"Sauce\",\"value\":{\"name\":\"Tomato Sauce \",\"price\":1,\"id\":2}}],\"price\":\"10.70\",\"addition_price\":\"2.00\",\"option_price\":\"11.00\",\"total\":\"47.40\",\"quantity\":2},{\"id\":179,\"name\":\"Soup\",\"description\":\"Lorem Ipsum is simply dummy text of the printing and typesetting industry. Lorem Ipsum has been the industry\'s standard dummy text ever since the 1500s, when an unknown printer took a galley of type and scrambled it to make a type specimen book. It has survived not only five centuries, but also the leap into electronic typesetting, remaining essentially unchanged. It was popularised in the 1960s with the release of Letraset sheets containing Lorem Ipsum passages, and more recently with desktop publishing software like Aldus PageMaker including versions of Lorem Ipsum.\",\"categoryId\":\"65\",\"price\":\"0.00\",\"addition_price\":\"0.00\",\"option_price\":\"0.00\",\"total\":\"0.00\",\"quantity\":1}],\"discountAmount\":\"23.74\",\"total\":237.4,\"deliveryCost\":2,\"productsTotal\":\"237.40\",\"status\":\"pending\"}','orders',1,0,'','2022-02-03 21:15:54','2022-02-03 21:15:59','text/plain','c4MY6gLo'),(340,253,'','','{\"orderType\":\"PICKUP\",\"deliveryArea\":{\"zipCode\":\"\",\"city\":\"Soup Restaurant, Carcow, Poland\",\"deliveryCost\":\"\"},\"customerId\":253,\"deliveryTime\":\"Instant\",\"paymentMethod\":\"Card\",\"name\":\"Street User\",\"street\":\"address goes here\",\"phone\":\"343435454\",\"email\":\"34343@example.com\",\"accessCode\":\"\",\"city\":\"N\\/A\",\"activeOffersIds\":[182,198],\"discountCoupon\":null,\"stripe\":null,\"currency\":\"EURO\",\"items\":[{\"id\":308,\"name\":\"Sauce\",\"price\":\"12.00\",\"description\":\"g\",\"categoryId\":\"65\",\"additions\":[],\"options\":[],\"option_price\":0,\"addition_price\":0,\"quantity\":1,\"total\":\"12.00\",\"note\":\"\"},{\"categoryId\":\"65\",\"name\":\"Soup\",\"image\":{\"title\":\"Soup\",\"url\":\"http:\\/\\/localhost:4000\\/uploads\\/images\\/87b61a379c14845330c11a4aa92d610e.webp\"},\"description\":\"Lorem Ipsum is simply dummy text of the printing and typesetting industry. Lorem Ipsum has been the industry\'s standard dummy text ever since the 1500s, when an unknown printer took a galley of type and scrambled it to make a type specimen book. It has survived not only five centuries, but also the leap into electronic typesetting, remaining essentially unchanged. It was popularised in the 1960s with the release of Letraset sheets containing Lorem Ipsum passages, and more recently with desktop publishing software like Aldus PageMaker including versions of Lorem Ipsum.\",\"price\":0,\"options\":[],\"additions\":[],\"id\":179,\"order\":200,\"quantity\":1,\"total\":0,\"productsTotal\":0,\"option_price\":0,\"addition_price\":0},{\"id\":240,\"name\":\"Sushi\",\"price\":\"10.70\",\"description\":\"description\",\"categoryId\":\"64\",\"additions\":[],\"options\":[],\"option_price\":0,\"addition_price\":0,\"quantity\":1,\"total\":\"10.70\",\"note\":\"\"}],\"total\":22.7,\"productsTotal\":\"22.70\",\"status\":\"pending\",\"discountAmount\":\"2.27\"}','orders',1,0,'','2022-02-07 18:56:12','2022-02-07 18:56:12','text/plain','i8pXxDYI'),(341,244,'','','{\"orderType\":\"PICKUP\",\"deliveryArea\":{\"zipCode\":\"\",\"city\":\"Soup Restaurant, Carcow, Poland\",\"deliveryCost\":\"\"},\"customerId\":244,\"deliveryTime\":\"Instant\",\"paymentMethod\":\"Cash+Card\",\"name\":\"Obayed Ur Rahman Opu\",\"street\":null,\"phone\":\"8801304461894\",\"email\":\"obayed.opu@gmail.com\",\"accessCode\":\"\",\"city\":\"N\\/A\",\"activeOffersIds\":[182,198],\"discountCoupon\":null,\"stripe\":null,\"currency\":\"EURO\",\"items\":[{\"id\":308,\"name\":\"Sauce\",\"price\":\"12.00\",\"description\":\"g\",\"categoryId\":\"65\",\"additions\":[],\"options\":[],\"option_price\":0,\"addition_price\":0,\"quantity\":1,\"total\":\"12.00\",\"note\":\"\"},{\"categoryId\":\"65\",\"name\":\"Soup\",\"image\":{\"title\":\"Soup\",\"url\":\"http:\\/\\/localhost:4000\\/uploads\\/images\\/87b61a379c14845330c11a4aa92d610e.webp\"},\"description\":\"Lorem Ipsum is simply dummy text of the printing and typesetting industry. Lorem Ipsum has been the industry\'s standard dummy text ever since the 1500s, when an unknown printer took a galley of type and scrambled it to make a type specimen book. It has survived not only five centuries, but also the leap into electronic typesetting, remaining essentially unchanged. It was popularised in the 1960s with the release of Letraset sheets containing Lorem Ipsum passages, and more recently with desktop publishing software like Aldus PageMaker including versions of Lorem Ipsum.\",\"price\":0,\"options\":[],\"additions\":[],\"id\":179,\"order\":200,\"quantity\":1,\"total\":0,\"productsTotal\":0,\"option_price\":0,\"addition_price\":0}],\"total\":12,\"productsTotal\":\"12.00\",\"status\":\"pending\",\"discountAmount\":\"1.20\"}','orders',1,0,'','2022-02-07 18:59:22','2022-02-07 18:59:22','text/plain','fFjvsDjE'),(342,253,'','','{\"orderType\":\"PICKUP\",\"deliveryArea\":{\"zipCode\":\"\",\"city\":\"Soup Restaurant, Carcow, Poland\",\"deliveryCost\":\"\"},\"customerId\":253,\"deliveryTime\":\"Instant\",\"paymentMethod\":\"Cash\",\"name\":\"Street User\",\"street\":\"address goes here\",\"phone\":\"343435454\",\"email\":\"34343@example.com\",\"accessCode\":\"\",\"city\":\"N\\/A\",\"activeOffersIds\":[182,198],\"discountCoupon\":null,\"stripe\":null,\"currency\":\"EURO\",\"items\":[{\"id\":240,\"name\":\"Sushi\",\"price\":\"10.70\",\"description\":\"description\",\"categoryId\":\"64\",\"additions\":[],\"options\":[],\"option_price\":0,\"addition_price\":0,\"quantity\":1,\"total\":\"10.70\",\"note\":\"\"},{\"categoryId\":\"65\",\"name\":\"Soup\",\"image\":{\"title\":\"Soup\",\"url\":\"http:\\/\\/localhost:4000\\/uploads\\/images\\/87b61a379c14845330c11a4aa92d610e.webp\"},\"description\":\"Lorem Ipsum is simply dummy text of the printing and typesetting industry. Lorem Ipsum has been the industry\'s standard dummy text ever since the 1500s, when an unknown printer took a galley of type and scrambled it to make a type specimen book. It has survived not only five centuries, but also the leap into electronic typesetting, remaining essentially unchanged. It was popularised in the 1960s with the release of Letraset sheets containing Lorem Ipsum passages, and more recently with desktop publishing software like Aldus PageMaker including versions of Lorem Ipsum.\",\"price\":0,\"options\":[],\"additions\":[],\"id\":179,\"order\":200,\"quantity\":1,\"total\":0,\"productsTotal\":0,\"option_price\":0,\"addition_price\":0},{\"id\":308,\"name\":\"Sauce\",\"price\":\"12.00\",\"description\":\"g\",\"categoryId\":\"65\",\"additions\":[],\"options\":[],\"option_price\":0,\"addition_price\":0,\"quantity\":1,\"total\":\"12.00\",\"note\":\"\"}],\"total\":22.7,\"productsTotal\":\"22.70\",\"status\":\"pending\",\"discountAmount\":\"2.27\"}','orders',1,0,'','2022-02-07 19:01:33','2022-02-07 19:01:33','text/plain','du7svhut'),(343,244,'','','{\"orderType\":\"PICKUP\",\"deliveryArea\":{\"zipCode\":\"\",\"city\":\"Soup Restaurant, Carcow, Poland\",\"deliveryCost\":\"\"},\"customerId\":244,\"deliveryTime\":\"Instant\",\"paymentMethod\":\"Cash\",\"name\":\"Obayed Ur Rahman Opu\",\"street\":null,\"phone\":\"8801304461894\",\"email\":\"obayed.opu@gmail.com\",\"accessCode\":\"\",\"city\":\"N\\/A\",\"activeOffersIds\":[182,198],\"discountCoupon\":null,\"stripe\":null,\"currency\":\"EURO\",\"items\":[{\"id\":308,\"name\":\"Sauce\",\"price\":\"12.00\",\"description\":\"g\",\"categoryId\":\"65\",\"additions\":[],\"options\":[],\"option_price\":0,\"addition_price\":0,\"quantity\":1,\"total\":\"12.00\",\"note\":\"\"},{\"categoryId\":\"65\",\"name\":\"Soup\",\"image\":{\"title\":\"Soup\",\"url\":\"http:\\/\\/localhost:4000\\/uploads\\/images\\/87b61a379c14845330c11a4aa92d610e.webp\"},\"description\":\"Lorem Ipsum is simply dummy text of the printing and typesetting industry. Lorem Ipsum has been the industry\'s standard dummy text ever since the 1500s, when an unknown printer took a galley of type and scrambled it to make a type specimen book. It has survived not only five centuries, but also the leap into electronic typesetting, remaining essentially unchanged. It was popularised in the 1960s with the release of Letraset sheets containing Lorem Ipsum passages, and more recently with desktop publishing software like Aldus PageMaker including versions of Lorem Ipsum.\",\"price\":0,\"options\":[],\"additions\":[],\"id\":179,\"order\":200,\"quantity\":1,\"total\":0,\"productsTotal\":0,\"option_price\":0,\"addition_price\":0}],\"total\":12,\"productsTotal\":\"12.00\",\"status\":\"pending\",\"discountAmount\":\"1.20\"}','orders',1,0,'','2022-02-07 19:06:43','2022-02-07 19:06:43','text/plain','6nuvRUmt'),(344,254,'','','{\"orderType\":\"PICKUP\",\"customerId\":\"254\",\"deliveryTime\":\"Instant\",\"paymentMethod\":\"Cash\",\"name\":\"Walk in Customer\",\"street\":\"N\\/A\",\"phone\":\"N\\/A\",\"email\":\"N\\/A\",\"accessCode\":\"\",\"city\":\"N\\/A\",\"activeOffersIds\":[182,198],\"discountCoupon\":null,\"stripe\":null,\"currency\":\"EURO\",\"items\":[{\"id\":240,\"name\":\"Sushi\",\"price\":\"10.70\",\"description\":\"description\",\"categoryId\":\"64\",\"additions\":[],\"options\":[],\"option_price\":0,\"addition_price\":0,\"quantity\":1,\"total\":\"10.70\",\"note\":\"\"},{\"categoryId\":\"65\",\"name\":\"Soup\",\"image\":{\"title\":\"Soup\",\"url\":\"http:\\/\\/localhost:4000\\/uploads\\/images\\/87b61a379c14845330c11a4aa92d610e.webp\"},\"description\":\"Lorem Ipsum is simply dummy text of the printing and typesetting industry. Lorem Ipsum has been the industry\'s standard dummy text ever since the 1500s, when an unknown printer took a galley of type and scrambled it to make a type specimen book. It has survived not only five centuries, but also the leap into electronic typesetting, remaining essentially unchanged. It was popularised in the 1960s with the release of Letraset sheets containing Lorem Ipsum passages, and more recently with desktop publishing software like Aldus PageMaker including versions of Lorem Ipsum.\",\"price\":0,\"options\":[],\"additions\":[],\"id\":179,\"order\":200,\"quantity\":1,\"total\":0,\"productsTotal\":0,\"option_price\":0,\"addition_price\":0}],\"total\":10.7,\"productsTotal\":\"10.70\",\"status\":\"pending\",\"orderFrom\":\"pos\",\"discountAmount\":\"1.07\"}','orders',1,0,'','2022-02-07 19:48:44','2022-02-07 19:48:45','text/plain','7Knsmxrj'),(345,244,'','','{\"orderType\":\"PICKUP\",\"deliveryArea\":{\"zipCode\":\"1430\",\"city\":\"Narayanganj\",\"deliveryCost\":\"2\"},\"other\":{\"note\":\"\",\"cost\":0},\"flatDiscount\":0,\"customerId\":244,\"deliveryTime\":\"Instant\",\"paymentMethod\":\"Cash\",\"name\":\"Obayed Ur Rahman Opu\",\"street\":\"address goes here\",\"phone\":\"8801304461894\",\"email\":\"obayed.opu@gmail.com\",\"accessCode\":\"\",\"city\":\"N\\/A\",\"activeOffersIds\":[182,198],\"discountCoupon\":null,\"stripe\":null,\"currency\":\"EURO\",\"items\":[{\"id\":308,\"name\":\"Sauce\",\"price\":\"12.00\",\"description\":\"g\",\"categoryId\":\"65\",\"additions\":[],\"options\":[],\"option_price\":0,\"addition_price\":0,\"quantity\":1,\"total\":\"12.00\",\"note\":\"\"},{\"categoryId\":\"65\",\"name\":\"Soup\",\"image\":{\"title\":\"Soup\",\"url\":\"http:\\/\\/localhost:4000\\/uploads\\/images\\/87b61a379c14845330c11a4aa92d610e.webp\"},\"description\":\"Lorem Ipsum is simply dummy text of the printing and typesetting industry. Lorem Ipsum has been the industry\'s standard dummy text ever since the 1500s, when an unknown printer took a galley of type and scrambled it to make a type specimen book. It has survived not only five centuries, but also the leap into electronic typesetting, remaining essentially unchanged. It was popularised in the 1960s with the release of Letraset sheets containing Lorem Ipsum passages, and more recently with desktop publishing software like Aldus PageMaker including versions of Lorem Ipsum.\",\"price\":0,\"options\":[],\"additions\":[],\"id\":179,\"order\":200,\"quantity\":1,\"total\":0,\"productsTotal\":0,\"option_price\":0,\"addition_price\":0},{\"id\":240,\"name\":\"Sushi\",\"price\":\"10.70\",\"description\":\"description\",\"categoryId\":\"64\",\"additions\":[],\"options\":[],\"option_price\":0,\"addition_price\":0,\"quantity\":1,\"total\":\"10.70\",\"note\":\"\"}],\"total\":22.7,\"productsTotal\":\"22.70\",\"status\":\"pending\",\"orderFrom\":\"pos\",\"discountAmount\":\"2.27\"}','orders',1,0,'','2022-02-07 20:54:20','2022-02-07 20:54:20','text/plain','jfKbL8YN'),(346,NULL,'','','{\"orderType\":\"DELIVERY\",\"deliveryArea\":{\"zipCode\":\"1430\",\"city\":\"Narayanganj\",\"deliveryCost\":\"2\"},\"deliveryTime\":{\"name\":\"01:00 PM to 02:00 PM\",\"value\":0,\"startTime\":\"13:00\",\"endTime\":\"14:00\",\"maxOrder\":\"20\"},\"paymentMethod\":\"CASH\",\"name\":\"Obaydur\",\"street\":\"Noya Ati, Rosulbag, Siddhirganj, Narayanganj\",\"phone\":\"01304461899\",\"email\":\"obayed.opu@gmail.com\",\"activeOffersIds\":[182,198],\"discountCoupon\":null,\"stripe\":null,\"currency\":\"EURO\",\"items\":[{\"id\":308,\"name\":\"Sauce\",\"description\":\"g\",\"categoryId\":\"65\",\"additions\":[],\"options\":[{\"id\":176,\"name\":\"Size\",\"value\":{\"name\":\"Small\",\"price\":0,\"id\":1}}],\"price\":\"12.00\",\"addition_price\":\"0.00\",\"option_price\":\"0.00\",\"total\":\"12.00\",\"quantity\":1},{\"id\":240,\"name\":\"Sushi\",\"description\":\"description\",\"categoryId\":\"64\",\"additions\":[],\"options\":[{\"id\":176,\"name\":\"Size\",\"value\":{\"name\":\"Small\",\"price\":0,\"id\":1}},{\"id\":177,\"name\":\"Sauce\",\"value\":{\"name\":\"Chili Sauce\",\"price\":1,\"id\":1}}],\"price\":\"10.70\",\"addition_price\":\"0.00\",\"option_price\":\"0.00\",\"total\":\"10.70\",\"quantity\":1},{\"id\":179,\"name\":\"Soup\",\"description\":\"Lorem Ipsum is simply dummy text of the printing and typesetting industry. Lorem Ipsum has been the industry\'s standard dummy text ever since the 1500s, when an unknown printer took a galley of type and scrambled it to make a type specimen book. It has survived not only five centuries, but also the leap into electronic typesetting, remaining essentially unchanged. It was popularised in the 1960s with the release of Letraset sheets containing Lorem Ipsum passages, and more recently with desktop publishing software like Aldus PageMaker including versions of Lorem Ipsum.\",\"categoryId\":\"65\",\"price\":\"0.00\",\"addition_price\":\"0.00\",\"option_price\":\"0.00\",\"total\":\"0.00\",\"quantity\":1}],\"discountAmount\":\"2.27\",\"total\":22.7,\"deliveryCost\":2,\"productsTotal\":\"22.70\",\"customerId\":null,\"status\":\"pending\"}','orders',1,0,'','2022-02-07 20:54:27','2022-02-07 20:56:53','text/plain','pJwZw9DP'),(347,253,'','','{\"orderType\":\"PICKUP\",\"deliveryArea\":{\"zipCode\":\"1430\",\"city\":\"Narayanganj\",\"deliveryCost\":\"2\"},\"other\":{\"note\":\"Details\",\"cost\":\"15\"},\"flatDiscount\":\"5\",\"customerId\":253,\"deliveryTime\":\"Instant\",\"paymentMethod\":\"Card\",\"name\":\"Street User\",\"street\":\"address goes here\",\"phone\":\"343435454\",\"email\":\"34343@example.com\",\"accessCode\":\"\",\"city\":\"N\\/A\",\"activeOffersIds\":[182,198],\"discountCoupon\":null,\"stripe\":null,\"currency\":\"EURO\",\"items\":[{\"id\":197,\"name\":\"Sushi 2\",\"price\":\"123.00\",\"description\":\"desc\",\"categoryId\":\"64\",\"additions\":[{\"name\":\"Chopsticks\",\"price\":2,\"id\":174}],\"options\":[{\"id\":176,\"name\":\"Size\",\"value\":{\"name\":\"Small\",\"price\":0,\"id\":1}}],\"option_price\":0,\"addition_price\":2,\"quantity\":1,\"total\":\"125.00\",\"note\":\"\"},{\"categoryId\":\"65\",\"name\":\"Soup\",\"image\":{\"title\":\"Soup\",\"url\":\"http:\\/\\/localhost:4000\\/uploads\\/images\\/87b61a379c14845330c11a4aa92d610e.webp\"},\"description\":\"Lorem Ipsum is simply dummy text of the printing and typesetting industry. Lorem Ipsum has been the industry\'s standard dummy text ever since the 1500s, when an unknown printer took a galley of type and scrambled it to make a type specimen book. It has survived not only five centuries, but also the leap into electronic typesetting, remaining essentially unchanged. It was popularised in the 1960s with the release of Letraset sheets containing Lorem Ipsum passages, and more recently with desktop publishing software like Aldus PageMaker including versions of Lorem Ipsum.\",\"price\":0,\"options\":[],\"additions\":[],\"id\":179,\"order\":200,\"quantity\":1,\"total\":0,\"productsTotal\":0,\"option_price\":0,\"addition_price\":0},{\"id\":308,\"name\":\"Sauce\",\"price\":\"12.00\",\"description\":\"g\",\"categoryId\":\"65\",\"additions\":[],\"options\":[],\"option_price\":0,\"addition_price\":0,\"quantity\":1,\"total\":\"12.00\",\"note\":\"\"}],\"total\":137,\"productsTotal\":\"152.00\",\"status\":\"pending\",\"orderFrom\":\"pos\",\"discountAmount\":\"15.20\"}','orders',1,0,'','2022-02-07 21:04:44','2022-02-07 21:04:44','text/plain','7UcYhvJg'),(348,253,'','','{\"orderType\":\"PICKUP\",\"deliveryArea\":{\"zipCode\":\"1430\",\"city\":\"Narayanganj\",\"deliveryCost\":\"2\"},\"other\":{\"note\":\"note\",\"cost\":\"2\"},\"flatDiscount\":\"1\",\"customerId\":253,\"deliveryTime\":\"Instant\",\"paymentMethod\":\"Card\",\"name\":\"Street User\",\"street\":\"address goes here\",\"phone\":\"343435454\",\"email\":\"34343@example.com\",\"accessCode\":\"\",\"city\":\"N\\/A\",\"activeOffersIds\":[182,198],\"discountCoupon\":null,\"stripe\":null,\"currency\":\"EURO\",\"items\":[{\"id\":240,\"name\":\"Sushi\",\"price\":\"10.70\",\"description\":\"description\",\"categoryId\":\"64\",\"additions\":[],\"options\":[],\"option_price\":0,\"addition_price\":0,\"quantity\":1,\"total\":\"10.70\",\"note\":\"\"},{\"categoryId\":\"65\",\"name\":\"Soup\",\"image\":{\"title\":\"Soup\",\"url\":\"http:\\/\\/localhost:4000\\/uploads\\/images\\/87b61a379c14845330c11a4aa92d610e.webp\"},\"description\":\"Lorem Ipsum is simply dummy text of the printing and typesetting industry. Lorem Ipsum has been the industry\'s standard dummy text ever since the 1500s, when an unknown printer took a galley of type and scrambled it to make a type specimen book. It has survived not only five centuries, but also the leap into electronic typesetting, remaining essentially unchanged. It was popularised in the 1960s with the release of Letraset sheets containing Lorem Ipsum passages, and more recently with desktop publishing software like Aldus PageMaker including versions of Lorem Ipsum.\",\"price\":0,\"options\":[],\"additions\":[],\"id\":179,\"order\":200,\"quantity\":1,\"total\":0,\"productsTotal\":0,\"option_price\":0,\"addition_price\":0}],\"total\":10.7,\"productsTotal\":\"12.70\",\"status\":\"pending\",\"orderFrom\":\"pos\",\"discountAmount\":\"1.27undefined\"}','orders',1,0,'','2022-02-09 17:57:21','2022-02-09 17:57:21','text/plain','jqW6kr1g'),(349,244,'','','{\"orderType\":\"PICKUP\",\"deliveryArea\":{\"zipCode\":\"\",\"city\":\"Soup Restaurant, Carcow, Poland\",\"deliveryCost\":\"\"},\"other\":{\"note\":\"other\",\"cost\":\"2\"},\"flatDiscount\":\"1\",\"customerId\":244,\"deliveryTime\":\"Instant\",\"paymentMethod\":\"Card\",\"name\":\"Obayed Ur Rahman Opu\",\"street\":\"address goes here\",\"phone\":\"8801304461894\",\"email\":\"obayed.opu@gmail.com\",\"accessCode\":\"\",\"city\":\"N\\/A\",\"activeOffersIds\":[182,198],\"discountCoupon\":null,\"stripe\":null,\"currency\":\"EURO\",\"items\":[{\"id\":240,\"name\":\"Sushi\",\"price\":\"10.70\",\"description\":\"description\",\"categoryId\":\"64\",\"additions\":[],\"options\":[],\"option_price\":0,\"addition_price\":0,\"quantity\":1,\"total\":\"10.70\",\"note\":\"\"},{\"categoryId\":\"65\",\"name\":\"Soup\",\"image\":{\"title\":\"Soup\",\"url\":\"http:\\/\\/localhost:4000\\/uploads\\/images\\/87b61a379c14845330c11a4aa92d610e.webp\"},\"description\":\"Lorem Ipsum is simply dummy text of the printing and typesetting industry. Lorem Ipsum has been the industry\'s standard dummy text ever since the 1500s, when an unknown printer took a galley of type and scrambled it to make a type specimen book. It has survived not only five centuries, but also the leap into electronic typesetting, remaining essentially unchanged. It was popularised in the 1960s with the release of Letraset sheets containing Lorem Ipsum passages, and more recently with desktop publishing software like Aldus PageMaker including versions of Lorem Ipsum.\",\"price\":0,\"options\":[],\"additions\":[],\"id\":179,\"order\":200,\"quantity\":1,\"total\":0,\"productsTotal\":0,\"option_price\":0,\"addition_price\":0}],\"total\":10.7,\"productsTotal\":\"12.70\",\"status\":\"pending\",\"orderFrom\":\"pos\",\"discountAmount\":\"1.27undefined\"}','orders',1,0,'','2022-02-09 18:05:35','2022-02-09 18:05:35','text/plain','auf0H5Cl'),(350,244,'','','{\"orderType\":\"PICKUP\",\"deliveryArea\":{\"zipCode\":\"1430\",\"city\":\"Narayanganj\",\"deliveryCost\":\"2\"},\"other\":{\"note\":\"n\",\"cost\":\"2\"},\"flatDiscount\":\"1\",\"customerId\":244,\"deliveryTime\":\"Instant\",\"paymentMethod\":\"Card\",\"name\":\"Obayed Ur Rahman Opu\",\"street\":\"address\",\"phone\":\"8801304461894\",\"email\":\"obayed.opu@gmail.com\",\"accessCode\":\"\",\"city\":\"N\\/A\",\"activeOffersIds\":[182,198],\"discountCoupon\":null,\"stripe\":null,\"currency\":\"EURO\",\"items\":[{\"id\":197,\"name\":\"Sushi 2\",\"price\":\"123.00\",\"description\":\"desc\",\"categoryId\":\"64\",\"additions\":[],\"options\":[],\"option_price\":0,\"addition_price\":0,\"quantity\":1,\"total\":\"123.00\",\"note\":\"\"},{\"categoryId\":\"65\",\"name\":\"Soup\",\"image\":{\"title\":\"Soup\",\"url\":\"http:\\/\\/localhost:4000\\/uploads\\/images\\/87b61a379c14845330c11a4aa92d610e.webp\"},\"description\":\"Lorem Ipsum is simply dummy text of the printing and typesetting industry. Lorem Ipsum has been the industry\'s standard dummy text ever since the 1500s, when an unknown printer took a galley of type and scrambled it to make a type specimen book. It has survived not only five centuries, but also the leap into electronic typesetting, remaining essentially unchanged. It was popularised in the 1960s with the release of Letraset sheets containing Lorem Ipsum passages, and more recently with desktop publishing software like Aldus PageMaker including versions of Lorem Ipsum.\",\"price\":0,\"options\":[],\"additions\":[],\"id\":179,\"order\":200,\"quantity\":1,\"total\":0,\"productsTotal\":0,\"option_price\":0,\"addition_price\":0}],\"total\":123,\"productsTotal\":\"125.00\",\"status\":\"pending\",\"orderFrom\":\"pos\",\"discountAmount\":\"12.50undefined\"}','orders',1,0,'','2022-02-09 18:18:47','2022-02-09 18:18:47','text/plain','5SFYPMAS'),(351,253,'','','{\"orderType\":\"PICKUP\",\"deliveryArea\":{\"zipCode\":\"1430\",\"city\":\"Narayanganj\",\"deliveryCost\":\"2\"},\"other\":{\"note\":\"other\",\"cost\":\"3\"},\"flatDiscount\":\"2\",\"customerId\":253,\"deliveryTime\":\"Instant\",\"paymentMethod\":\"Card\",\"name\":\"Street User\",\"street\":\"address goes here\",\"phone\":\"343435454\",\"email\":\"34343@example.com\",\"accessCode\":\"\",\"city\":\"N\\/A\",\"activeOffersIds\":[182,198],\"discountCoupon\":null,\"stripe\":null,\"currency\":\"EURO\",\"items\":[{\"id\":197,\"name\":\"Sushi 2\",\"price\":\"123.00\",\"description\":\"desc\",\"categoryId\":\"64\",\"additions\":[],\"options\":[],\"option_price\":0,\"addition_price\":0,\"quantity\":1,\"total\":\"123.00\",\"note\":\"\"},{\"categoryId\":\"65\",\"name\":\"Soup\",\"image\":{\"title\":\"Soup\",\"url\":\"http:\\/\\/localhost:4000\\/uploads\\/images\\/87b61a379c14845330c11a4aa92d610e.webp\"},\"description\":\"Lorem Ipsum is simply dummy text of the printing and typesetting industry. Lorem Ipsum has been the industry\'s standard dummy text ever since the 1500s, when an unknown printer took a galley of type and scrambled it to make a type specimen book. It has survived not only five centuries, but also the leap into electronic typesetting, remaining essentially unchanged. It was popularised in the 1960s with the release of Letraset sheets containing Lorem Ipsum passages, and more recently with desktop publishing software like Aldus PageMaker including versions of Lorem Ipsum.\",\"price\":0,\"options\":[],\"additions\":[],\"id\":179,\"order\":200,\"quantity\":1,\"total\":0,\"productsTotal\":0,\"option_price\":0,\"addition_price\":0}],\"total\":123,\"productsTotal\":\"126.00\",\"status\":\"pending\",\"orderFrom\":\"pos\",\"discountAmount\":\"12.60undefined\"}','orders',1,0,'','2022-02-09 18:32:27','2022-02-09 18:32:27','text/plain','4TJ55dYC'),(352,253,'','','{\"orderType\":\"PICKUP\",\"deliveryArea\":{\"zipCode\":\"\",\"city\":\"Soup Restaurant, Carcow, Poland\",\"deliveryCost\":\"\"},\"other\":{\"note\":\"hello\",\"cost\":\"2\"},\"flatDiscount\":\"1\",\"customerId\":253,\"deliveryTime\":\"Instant\",\"paymentMethod\":\"Card\",\"name\":\"Street User\",\"street\":\"address goes here\",\"phone\":\"343435454\",\"email\":\"34343@example.com\",\"accessCode\":\"\",\"city\":\"N\\/A\",\"activeOffersIds\":[182,198],\"discountCoupon\":null,\"stripe\":null,\"currency\":\"EURO\",\"items\":[{\"id\":178,\"name\":\"Sushi\",\"price\":\"55.00\",\"description\":\"Tasty sushi \\ud83c\\udf63\",\"categoryId\":\"64\",\"additions\":[],\"options\":[],\"option_price\":0,\"addition_price\":0,\"quantity\":1,\"total\":\"55.00\",\"note\":\"\"},{\"categoryId\":\"65\",\"name\":\"Soup\",\"image\":{\"title\":\"Soup\",\"url\":\"http:\\/\\/localhost:4000\\/uploads\\/images\\/87b61a379c14845330c11a4aa92d610e.webp\"},\"description\":\"Lorem Ipsum is simply dummy text of the printing and typesetting industry. Lorem Ipsum has been the industry\'s standard dummy text ever since the 1500s, when an unknown printer took a galley of type and scrambled it to make a type specimen book. It has survived not only five centuries, but also the leap into electronic typesetting, remaining essentially unchanged. It was popularised in the 1960s with the release of Letraset sheets containing Lorem Ipsum passages, and more recently with desktop publishing software like Aldus PageMaker including versions of Lorem Ipsum.\",\"price\":0,\"options\":[],\"additions\":[],\"id\":179,\"order\":200,\"quantity\":1,\"total\":0,\"productsTotal\":0,\"option_price\":0,\"addition_price\":0}],\"total\":55,\"productsTotal\":\"57.00\",\"status\":\"pending\",\"orderFrom\":\"pos\",\"discountAmount\":\"5.70undefined\"}','orders',1,0,'','2022-02-09 18:34:35','2022-02-09 18:34:35','text/plain','lqi3ngbX'),(353,244,'','','{\"orderType\":\"PICKUP\",\"deliveryArea\":{\"zipCode\":\"1430\",\"city\":\"Narayanganj\",\"deliveryCost\":\"2\"},\"other\":{\"note\":\"test\",\"cost\":\"5\"},\"flatDiscount\":\"2\",\"customerId\":244,\"deliveryTime\":\"Instant\",\"paymentMethod\":\"Card\",\"name\":\"Obayed Ur Rahman Opu\",\"street\":\"address\",\"phone\":\"8801304461894\",\"email\":\"obayed.opu@gmail.com\",\"accessCode\":\"\",\"city\":\"N\\/A\",\"activeOffersIds\":[182,198],\"discountCoupon\":null,\"stripe\":null,\"currency\":\"EURO\",\"items\":[{\"id\":197,\"name\":\"Sushi 2\",\"price\":\"123.00\",\"description\":\"desc\",\"categoryId\":\"64\",\"additions\":[],\"options\":[],\"option_price\":0,\"addition_price\":0,\"quantity\":1,\"total\":\"123.00\",\"note\":\"\"},{\"categoryId\":\"65\",\"name\":\"Soup\",\"image\":{\"title\":\"Soup\",\"url\":\"http:\\/\\/localhost:4000\\/uploads\\/images\\/87b61a379c14845330c11a4aa92d610e.webp\"},\"description\":\"Lorem Ipsum is simply dummy text of the printing and typesetting industry. Lorem Ipsum has been the industry\'s standard dummy text ever since the 1500s, when an unknown printer took a galley of type and scrambled it to make a type specimen book. It has survived not only five centuries, but also the leap into electronic typesetting, remaining essentially unchanged. It was popularised in the 1960s with the release of Letraset sheets containing Lorem Ipsum passages, and more recently with desktop publishing software like Aldus PageMaker including versions of Lorem Ipsum.\",\"price\":0,\"options\":[],\"additions\":[],\"id\":179,\"order\":200,\"quantity\":1,\"total\":0,\"productsTotal\":0,\"option_price\":0,\"addition_price\":0}],\"total\":123,\"productsTotal\":\"128.00\",\"status\":\"pending\",\"orderFrom\":\"pos\",\"discountAmount\":\"12.802\"}','orders',1,0,'','2022-02-09 18:43:41','2022-02-09 18:43:41','text/plain','hGpnzbMI'),(354,253,'','','{\"orderType\":\"PICKUP\",\"deliveryArea\":{\"zipCode\":\"1430\",\"city\":\"Narayanganj\",\"deliveryCost\":\"2\"},\"other\":{\"note\":\"Other charge\",\"cost\":\"10\"},\"flatDiscount\":\"5\",\"customerId\":253,\"deliveryTime\":\"Instant\",\"paymentMethod\":\"Card\",\"name\":\"Street User\",\"street\":\"address goes here\",\"phone\":\"343435454\",\"email\":\"34343@example.com\",\"accessCode\":\"\",\"city\":\"N\\/A\",\"activeOffersIds\":[182,198],\"discountCoupon\":null,\"stripe\":null,\"currency\":\"EURO\",\"items\":[{\"id\":197,\"name\":\"Sushi 2\",\"price\":\"123.00\",\"description\":\"desc\",\"categoryId\":\"64\",\"additions\":[],\"options\":[],\"option_price\":0,\"addition_price\":0,\"quantity\":1,\"total\":\"123.00\",\"note\":\"\"},{\"categoryId\":\"65\",\"name\":\"Soup\",\"image\":{\"title\":\"Soup\",\"url\":\"http:\\/\\/localhost:4000\\/uploads\\/images\\/87b61a379c14845330c11a4aa92d610e.webp\"},\"description\":\"Lorem Ipsum is simply dummy text of the printing and typesetting industry. Lorem Ipsum has been the industry\'s standard dummy text ever since the 1500s, when an unknown printer took a galley of type and scrambled it to make a type specimen book. It has survived not only five centuries, but also the leap into electronic typesetting, remaining essentially unchanged. It was popularised in the 1960s with the release of Letraset sheets containing Lorem Ipsum passages, and more recently with desktop publishing software like Aldus PageMaker including versions of Lorem Ipsum.\",\"price\":0,\"options\":[],\"additions\":[],\"id\":179,\"order\":200,\"quantity\":1,\"total\":0,\"productsTotal\":0,\"option_price\":0,\"addition_price\":0}],\"total\":123,\"productsTotal\":\"133.00\",\"status\":\"pending\",\"orderFrom\":\"pos\",\"discountAmount\":18}','orders',1,0,'','2022-02-09 19:40:18','2022-02-09 19:40:19','text/plain','jora3IPE'),(355,253,'','','{\"orderType\":\"PICKUP\",\"deliveryArea\":{\"zipCode\":\"\",\"city\":\"Sushitown, Narayanganj, Bangladesh\",\"deliveryCost\":\"\"},\"other\":{\"note\":\"Other cost\",\"cost\":\"30\"},\"flatDiscount\":\"10\",\"customerId\":253,\"deliveryTime\":\"Instant\",\"paymentMethod\":\"Card\",\"name\":\"Street User\",\"street\":\"address goes here\",\"phone\":\"343435454\",\"email\":\"34343@example.com\",\"accessCode\":\"\",\"city\":\"N\\/A\",\"activeOffersIds\":[182,198],\"discountCoupon\":null,\"stripe\":null,\"currency\":\"EURO\",\"items\":[{\"id\":308,\"name\":\"Sauce\",\"price\":\"12.00\",\"description\":\"g\",\"categoryId\":\"65\",\"additions\":[],\"options\":[],\"option_price\":0,\"addition_price\":0,\"quantity\":1,\"total\":\"12.00\",\"note\":\"\"},{\"categoryId\":\"65\",\"name\":\"Soup\",\"image\":{\"title\":\"Soup\",\"url\":\"http:\\/\\/localhost:4000\\/uploads\\/images\\/87b61a379c14845330c11a4aa92d610e.webp\"},\"description\":\"Lorem Ipsum is simply dummy text of the printing and typesetting industry. Lorem Ipsum has been the industry\'s standard dummy text ever since the 1500s, when an unknown printer took a galley of type and scrambled it to make a type specimen book. It has survived not only five centuries, but also the leap into electronic typesetting, remaining essentially unchanged. It was popularised in the 1960s with the release of Letraset sheets containing Lorem Ipsum passages, and more recently with desktop publishing software like Aldus PageMaker including versions of Lorem Ipsum.\",\"price\":0,\"options\":[],\"additions\":[],\"id\":179,\"order\":200,\"quantity\":1,\"total\":0,\"productsTotal\":0,\"option_price\":0,\"addition_price\":0},{\"id\":308,\"name\":\"Sauce\",\"price\":\"12.00\",\"description\":\"g\",\"categoryId\":\"65\",\"additions\":[],\"options\":[],\"option_price\":0,\"addition_price\":0,\"quantity\":1,\"total\":\"12.00\",\"note\":\"\"}],\"total\":24,\"productsTotal\":\"54.00\",\"status\":\"pending\",\"orderFrom\":\"pos\",\"discountAmount\":15.4}','orders',1,0,'','2022-02-10 15:08:47','2022-02-10 15:08:48','text/plain','jlDgAq75'),(356,253,'','','{\"orderType\":\"PICKUP\",\"deliveryArea\":{\"zipCode\":\"1430\",\"city\":\"Narayanganj\",\"deliveryCost\":\"2\"},\"other\":{\"note\":\"\",\"cost\":\"7\"},\"flatDiscount\":\"2\",\"customerId\":253,\"deliveryTime\":\"Instant\",\"paymentMethod\":\"Card\",\"name\":\"Street User\",\"street\":\"address goes here\",\"phone\":\"343435454\",\"email\":\"34343@example.com\",\"accessCode\":\"\",\"city\":\"N\\/A\",\"activeOffersIds\":[182,198],\"discountCoupon\":null,\"stripe\":null,\"currency\":\"EURO\",\"items\":[{\"id\":197,\"name\":\"Sushi 2\",\"price\":\"123.00\",\"description\":\"desc\",\"categoryId\":\"64\",\"additions\":[],\"options\":[],\"option_price\":0,\"addition_price\":0,\"quantity\":1,\"total\":\"123.00\",\"note\":\"\"},{\"categoryId\":\"65\",\"name\":\"Soup\",\"image\":{\"title\":\"Soup\",\"url\":\"http:\\/\\/localhost:4000\\/uploads\\/images\\/87b61a379c14845330c11a4aa92d610e.webp\"},\"description\":\"Lorem Ipsum is simply dummy text of the printing and typesetting industry. Lorem Ipsum has been the industry\'s standard dummy text ever since the 1500s, when an unknown printer took a galley of type and scrambled it to make a type specimen book. It has survived not only five centuries, but also the leap into electronic typesetting, remaining essentially unchanged. It was popularised in the 1960s with the release of Letraset sheets containing Lorem Ipsum passages, and more recently with desktop publishing software like Aldus PageMaker including versions of Lorem Ipsum.\",\"price\":0,\"options\":[],\"additions\":[],\"id\":179,\"order\":200,\"quantity\":1,\"total\":0,\"productsTotal\":0,\"option_price\":0,\"addition_price\":0}],\"total\":123,\"productsTotal\":\"130.00\",\"status\":\"pending\",\"orderFrom\":\"pos\",\"discountAmount\":15}','orders',1,0,'','2022-02-10 15:35:21','2022-02-10 15:35:22','text/plain','a1gEnO4m'),(357,253,'','','{\"orderType\":\"PICKUP\",\"deliveryArea\":{\"zipCode\":\"\",\"city\":\"Sushitown, Narayanganj, Bangladesh\",\"deliveryCost\":\"\"},\"other\":{\"note\":\"\",\"cost\":\"7\"},\"flatDiscount\":\"17\",\"customerId\":253,\"deliveryTime\":\"Instant\",\"paymentMethod\":\"Card\",\"name\":\"Street User\",\"street\":\"address goes here\",\"phone\":\"343435454\",\"email\":\"34343@example.com\",\"accessCode\":\"\",\"city\":\"N\\/A\",\"activeOffersIds\":[182,198],\"discountCoupon\":null,\"stripe\":null,\"currency\":\"EURO\",\"items\":[{\"id\":197,\"name\":\"Sushi 2\",\"price\":\"123.00\",\"description\":\"desc\",\"categoryId\":\"64\",\"additions\":[],\"options\":[],\"option_price\":0,\"addition_price\":0,\"quantity\":1,\"total\":\"123.00\",\"note\":\"\"},{\"categoryId\":\"65\",\"name\":\"Soup\",\"image\":{\"title\":\"Soup\",\"url\":\"http:\\/\\/localhost:4000\\/uploads\\/images\\/87b61a379c14845330c11a4aa92d610e.webp\"},\"description\":\"Lorem Ipsum is simply dummy text of the printing and typesetting industry. Lorem Ipsum has been the industry\'s standard dummy text ever since the 1500s, when an unknown printer took a galley of type and scrambled it to make a type specimen book. It has survived not only five centuries, but also the leap into electronic typesetting, remaining essentially unchanged. It was popularised in the 1960s with the release of Letraset sheets containing Lorem Ipsum passages, and more recently with desktop publishing software like Aldus PageMaker including versions of Lorem Ipsum.\",\"price\":0,\"options\":[],\"additions\":[],\"id\":179,\"order\":200,\"quantity\":1,\"total\":0,\"productsTotal\":0,\"option_price\":0,\"addition_price\":0}],\"total\":123,\"productsTotal\":\"130.00\",\"status\":\"pending\",\"orderFrom\":\"pos\",\"discountAmount\":30}','orders',1,0,'','2022-02-10 15:41:38','2022-02-10 15:41:38','text/plain','85vYs8s1'),(358,NULL,'','','{\"orderType\":\"DELIVERY\",\"deliveryArea\":{\"zipCode\":\"1430\",\"city\":\"Narayanganj\",\"deliveryCost\":\"2\"},\"deliveryTime\":{\"name\":\"01:00 PM to 02:00 PM\",\"value\":0,\"startTime\":\"13:00\",\"endTime\":\"14:00\",\"maxOrder\":\"20\"},\"paymentMethod\":\"CASH\",\"name\":\"Obayed Ur Rahman\",\"street\":\"Noya Ati, Rosulbag, Siddhirganj, Narayanganj\",\"phone\":\"8801304461899\",\"email\":\"obayed.opu@gmail.com\",\"accessCode\":\"1234\",\"activeOffersIds\":[182,198],\"discountCoupon\":null,\"stripe\":null,\"currency\":\"EURO\",\"items\":[{\"id\":308,\"name\":\"Sauce\",\"description\":\"g\",\"categoryId\":\"65\",\"additions\":[],\"options\":[{\"id\":176,\"name\":\"Size\",\"value\":{\"name\":\"Small\",\"price\":0,\"id\":1}}],\"price\":\"12.00\",\"addition_price\":\"0.00\",\"option_price\":\"0.00\",\"total\":\"12.00\",\"quantity\":1},{\"id\":240,\"name\":\"Sushi\",\"description\":\"description\",\"categoryId\":\"64\",\"additions\":[],\"options\":[{\"id\":176,\"name\":\"Size\",\"value\":{\"name\":\"Small\",\"price\":0,\"id\":1}},{\"id\":177,\"name\":\"Sauce\",\"value\":{\"name\":\"Chili Sauce\",\"price\":1,\"id\":1}}],\"price\":\"10.70\",\"addition_price\":\"0.00\",\"option_price\":\"0.00\",\"total\":\"10.70\",\"quantity\":1},{\"id\":179,\"name\":\"Soup\",\"description\":\"Lorem Ipsum is simply dummy text of the printing and typesetting industry. Lorem Ipsum has been the industry\'s standard dummy text ever since the 1500s, when an unknown printer took a galley of type and scrambled it to make a type specimen book. It has survived not only five centuries, but also the leap into electronic typesetting, remaining essentially unchanged. It was popularised in the 1960s with the release of Letraset sheets containing Lorem Ipsum passages, and more recently with desktop publishing software like Aldus PageMaker including versions of Lorem Ipsum.\",\"categoryId\":\"65\",\"additions\":[],\"options\":[{\"id\":176,\"name\":\"Size\",\"value\":{\"name\":\"Small\",\"price\":0,\"id\":1}}],\"price\":\"10.00\",\"addition_price\":\"0.00\",\"option_price\":\"0.00\",\"total\":\"10.00\",\"quantity\":1},{\"id\":240,\"name\":\"Sushi\",\"description\":\"description\",\"categoryId\":\"64\",\"additions\":[],\"options\":[{\"id\":176,\"name\":\"Size\",\"value\":{\"name\":\"Small\",\"price\":0,\"id\":1}},{\"id\":177,\"name\":\"Sauce\",\"value\":{\"name\":\"Chili Sauce\",\"price\":1,\"id\":1}}],\"price\":\"10.70\",\"addition_price\":\"0.00\",\"option_price\":\"0.00\",\"total\":\"10.70\",\"quantity\":1},{\"id\":179,\"name\":\"Soup\",\"description\":\"Lorem Ipsum is simply dummy text of the printing and typesetting industry. Lorem Ipsum has been the industry\'s standard dummy text ever since the 1500s, when an unknown printer took a galley of type and scrambled it to make a type specimen book. It has survived not only five centuries, but also the leap into electronic typesetting, remaining essentially unchanged. It was popularised in the 1960s with the release of Letraset sheets containing Lorem Ipsum passages, and more recently with desktop publishing software like Aldus PageMaker including versions of Lorem Ipsum.\",\"categoryId\":\"65\",\"price\":\"0.00\",\"addition_price\":\"0.00\",\"option_price\":\"0.00\",\"total\":\"0.00\",\"quantity\":1}],\"discountAmount\":\"4.34\",\"total\":43.400000000000006,\"deliveryCost\":2,\"productsTotal\":\"43.40\",\"customerId\":null,\"status\":\"pending\"}','orders',1,0,'','2022-02-10 19:51:28','2022-02-10 19:51:29','text/plain','jD9p6UWD'),(359,NULL,'','','{\"orderType\":\"DELIVERY\",\"deliveryArea\":{\"zipCode\":\"1430\",\"city\":\"Narayanganj\",\"deliveryCost\":\"2\"},\"deliveryTime\":{\"name\":\"01:00 PM to 02:00 PM\",\"value\":0,\"startTime\":\"13:00\",\"endTime\":\"14:00\",\"maxOrder\":\"20\"},\"paymentMethod\":\"CASH\",\"name\":\"Obayed Ur Rahman\",\"street\":\"Noya Ati, Rosulbag, Siddhirganj, Narayanganj\",\"phone\":\"8801304461899\",\"email\":\"obayed.opu@gmail.com\",\"accessCode\":\"7554\",\"activeOffersIds\":[182,198],\"discountCoupon\":null,\"stripe\":null,\"currency\":\"EURO\",\"items\":[{\"id\":308,\"name\":\"Sauce\",\"description\":\"g\",\"categoryId\":\"65\",\"additions\":[],\"options\":[{\"id\":176,\"name\":\"Size\",\"value\":{\"name\":\"Small\",\"price\":0,\"id\":1}}],\"price\":\"12.00\",\"addition_price\":\"0.00\",\"option_price\":\"0.00\",\"total\":\"12.00\",\"quantity\":1},{\"id\":178,\"name\":\"Sushi\",\"description\":\"Tasty sushi \\ud83c\\udf63\",\"categoryId\":\"64\",\"additions\":[],\"options\":[{\"id\":176,\"name\":\"Size\",\"value\":{\"name\":\"Small\",\"price\":0,\"id\":1}},{\"id\":177,\"name\":\"Sauce\",\"value\":{\"name\":\"Chili Sauce\",\"price\":1,\"id\":1}}],\"price\":\"55.00\",\"addition_price\":\"0.00\",\"option_price\":\"0.00\",\"total\":\"55.00\",\"quantity\":1},{\"id\":179,\"name\":\"Soup\",\"description\":\"Lorem Ipsum is simply dummy text of the printing and typesetting industry. Lorem Ipsum has been the industry\'s standard dummy text ever since the 1500s, when an unknown printer took a galley of type and scrambled it to make a type specimen book. It has survived not only five centuries, but also the leap into electronic typesetting, remaining essentially unchanged. It was popularised in the 1960s with the release of Letraset sheets containing Lorem Ipsum passages, and more recently with desktop publishing software like Aldus PageMaker including versions of Lorem Ipsum.\",\"categoryId\":\"65\",\"price\":\"0.00\",\"addition_price\":\"0.00\",\"option_price\":\"0.00\",\"total\":\"0.00\",\"quantity\":1}],\"discountAmount\":\"6.70\",\"total\":67,\"deliveryCost\":2,\"productsTotal\":\"67.00\",\"customerId\":null,\"status\":\"pending\"}','orders',1,0,'','2022-02-10 19:56:01','2022-02-10 19:56:02','text/plain','gfw5LhQ8'),(360,NULL,'','','{\"orderType\":\"DELIVERY\",\"deliveryArea\":{\"zipCode\":\"1430\",\"city\":\"Narayanganj\",\"deliveryCost\":\"2\"},\"deliveryTime\":{\"name\":\"01:00 PM to 02:00 PM\",\"value\":0,\"startTime\":\"13:00\",\"endTime\":\"14:00\",\"maxOrder\":\"20\"},\"paymentMethod\":\"CASH\",\"name\":\"Obayed Ur Rahman\",\"street\":\"Noya Ati, Rosulbag, Siddhirganj, Narayanganj\",\"phone\":\"8801304461899\",\"email\":\"obayed.opu@gmail.com\",\"accessCode\":\"1234\",\"activeOffersIds\":[182,198],\"discountCoupon\":null,\"stripe\":null,\"currency\":\"EURO\",\"items\":[{\"id\":308,\"name\":\"Sauce\",\"description\":\"g\",\"categoryId\":\"65\",\"additions\":[],\"options\":[{\"id\":176,\"name\":\"Size\",\"value\":{\"name\":\"Small\",\"price\":0,\"id\":1}}],\"price\":\"12.00\",\"addition_price\":\"0.00\",\"option_price\":\"0.00\",\"total\":\"12.00\",\"quantity\":1},{\"id\":179,\"name\":\"Soup\",\"description\":\"Lorem Ipsum is simply dummy text of the printing and typesetting industry. Lorem Ipsum has been the industry\'s standard dummy text ever since the 1500s, when an unknown printer took a galley of type and scrambled it to make a type specimen book. It has survived not only five centuries, but also the leap into electronic typesetting, remaining essentially unchanged. It was popularised in the 1960s with the release of Letraset sheets containing Lorem Ipsum passages, and more recently with desktop publishing software like Aldus PageMaker including versions of Lorem Ipsum.\",\"categoryId\":\"65\",\"price\":\"0.00\",\"addition_price\":\"0.00\",\"option_price\":\"0.00\",\"total\":\"0.00\",\"quantity\":1}],\"discountAmount\":\"1.20\",\"total\":12,\"deliveryCost\":2,\"productsTotal\":\"12.00\",\"customerId\":null,\"status\":\"pending\"}','orders',1,0,'','2022-02-10 19:58:35','2022-02-10 19:58:35','text/plain','7vrlsjbk'),(361,NULL,'','','{\"orderType\":\"DELIVERY\",\"deliveryArea\":{\"zipCode\":\"1430\",\"city\":\"Narayanganj\",\"deliveryCost\":\"2\"},\"deliveryTime\":{\"name\":\"01:00 PM to 02:00 PM\",\"value\":0,\"startTime\":\"13:00\",\"endTime\":\"14:00\",\"maxOrder\":\"20\"},\"paymentMethod\":\"CASH\",\"name\":\"Obayed Ur Rahman\",\"street\":\"Noya Ati, Rosulbag, Siddhirganj, Narayanganj\",\"phone\":\"8801304461899\",\"email\":\"obayed.opu@gmail.com\",\"accessCode\":\"1234\",\"activeOffersIds\":[182,198],\"discountCoupon\":null,\"stripe\":null,\"currency\":\"EURO\",\"items\":[{\"id\":308,\"name\":\"Sauce\",\"description\":\"g\",\"categoryId\":\"65\",\"additions\":[],\"options\":[{\"id\":176,\"name\":\"Size\",\"value\":{\"name\":\"Small\",\"price\":0,\"id\":1}}],\"price\":\"12.00\",\"addition_price\":\"0.00\",\"option_price\":\"0.00\",\"total\":\"12.00\",\"quantity\":1},{\"id\":197,\"name\":\"Sushi 2\",\"description\":\"desc\",\"categoryId\":\"64\",\"additions\":[],\"options\":[{\"id\":176,\"name\":\"Size\",\"value\":{\"name\":\"Small\",\"price\":0,\"id\":1}},{\"id\":177,\"name\":\"Sauce\",\"value\":{\"name\":\"Chili Sauce\",\"price\":1,\"id\":1}}],\"price\":\"123.00\",\"addition_price\":\"0.00\",\"option_price\":\"0.00\",\"total\":\"123.00\",\"quantity\":1},{\"id\":179,\"name\":\"Soup\",\"description\":\"Lorem Ipsum is simply dummy text of the printing and typesetting industry. Lorem Ipsum has been the industry\'s standard dummy text ever since the 1500s, when an unknown printer took a galley of type and scrambled it to make a type specimen book. It has survived not only five centuries, but also the leap into electronic typesetting, remaining essentially unchanged. It was popularised in the 1960s with the release of Letraset sheets containing Lorem Ipsum passages, and more recently with desktop publishing software like Aldus PageMaker including versions of Lorem Ipsum.\",\"categoryId\":\"65\",\"price\":\"0.00\",\"addition_price\":\"0.00\",\"option_price\":\"0.00\",\"total\":\"0.00\",\"quantity\":1}],\"discountAmount\":\"13.50\",\"total\":135,\"deliveryCost\":2,\"productsTotal\":\"135.00\",\"customerId\":null,\"status\":\"pending\"}','orders',1,0,'','2022-02-10 20:05:13','2022-02-10 20:05:14','text/plain','hnOegqI4'),(362,NULL,'','','{\"orderType\":\"DELIVERY\",\"deliveryArea\":{\"zipCode\":\"1430\",\"city\":\"Narayanganj\",\"deliveryCost\":\"2\"},\"deliveryTime\":{\"name\":\"01:00 PM to 02:00 PM\",\"value\":0,\"startTime\":\"13:00\",\"endTime\":\"14:00\",\"maxOrder\":\"20\"},\"paymentMethod\":\"CASH\",\"name\":\"Obayed Ur Rahman\",\"street\":\"Noya Ati, Rosulbag, Siddhirganj, Narayanganj\",\"phone\":\"8801304461899\",\"email\":\"obayed.opu@gmail.com\",\"activeOffersIds\":[182,198],\"discountCoupon\":null,\"stripe\":null,\"currency\":\"EURO\",\"items\":[{\"id\":308,\"name\":\"Sauce\",\"description\":\"g\",\"categoryId\":\"65\",\"additions\":[],\"options\":[{\"id\":176,\"name\":\"Size\",\"value\":{\"name\":\"Small\",\"price\":0,\"id\":1}}],\"price\":\"12.00\",\"addition_price\":\"0.00\",\"option_price\":\"0.00\",\"total\":\"12.00\",\"quantity\":1},{\"id\":179,\"name\":\"Soup\",\"description\":\"Lorem Ipsum is simply dummy text of the printing and typesetting industry. Lorem Ipsum has been the industry\'s standard dummy text ever since the 1500s, when an unknown printer took a galley of type and scrambled it to make a type specimen book. It has survived not only five centuries, but also the leap into electronic typesetting, remaining essentially unchanged. It was popularised in the 1960s with the release of Letraset sheets containing Lorem Ipsum passages, and more recently with desktop publishing software like Aldus PageMaker including versions of Lorem Ipsum.\",\"categoryId\":\"65\",\"price\":\"0.00\",\"addition_price\":\"0.00\",\"option_price\":\"0.00\",\"total\":\"0.00\",\"quantity\":1}],\"discountAmount\":\"1.20\",\"total\":12,\"deliveryCost\":2,\"productsTotal\":\"12.00\",\"customerId\":null,\"status\":\"pending\"}','orders',1,0,'','2022-02-10 20:08:02','2022-02-10 20:08:03','text/plain','gYV8m17d'),(363,NULL,'','','{\"orderType\":\"DELIVERY\",\"deliveryArea\":{\"zipCode\":\"1430\",\"city\":\"Narayanganj\",\"deliveryCost\":\"2\"},\"deliveryTime\":{\"name\":\"01:00 PM to 02:00 PM\",\"value\":0,\"startTime\":\"13:00\",\"endTime\":\"14:00\",\"maxOrder\":\"20\"},\"paymentMethod\":\"CASH\",\"name\":\"Obayed Ur Rahman\",\"street\":\"Noya Ati, Rosulbag, Siddhirganj, Narayanganj\",\"phone\":\"8801304461899\",\"email\":\"obayed.opu@gmail.com\",\"accessCode\":\"7554\",\"activeOffersIds\":[182,198],\"discountCoupon\":null,\"stripe\":null,\"currency\":\"EURO\",\"items\":[{\"id\":308,\"name\":\"Sauce\",\"description\":\"g\",\"categoryId\":\"65\",\"additions\":[],\"options\":[{\"id\":176,\"name\":\"Size\",\"value\":{\"name\":\"Small\",\"price\":0,\"id\":1}}],\"price\":\"12.00\",\"addition_price\":\"0.00\",\"option_price\":\"0.00\",\"total\":\"12.00\",\"quantity\":1},{\"id\":179,\"name\":\"Soup\",\"description\":\"Lorem Ipsum is simply dummy text of the printing and typesetting industry. Lorem Ipsum has been the industry\'s standard dummy text ever since the 1500s, when an unknown printer took a galley of type and scrambled it to make a type specimen book. It has survived not only five centuries, but also the leap into electronic typesetting, remaining essentially unchanged. It was popularised in the 1960s with the release of Letraset sheets containing Lorem Ipsum passages, and more recently with desktop publishing software like Aldus PageMaker including versions of Lorem Ipsum.\",\"categoryId\":\"65\",\"price\":\"0.00\",\"addition_price\":\"0.00\",\"option_price\":\"0.00\",\"total\":\"0.00\",\"quantity\":1}],\"discountAmount\":\"1.20\",\"total\":12,\"deliveryCost\":2,\"productsTotal\":\"12.00\",\"customerId\":null,\"status\":\"pending\"}','orders',1,0,'','2022-02-10 20:10:53','2022-02-10 20:10:54','text/plain','byJaQTJj'),(364,NULL,'','','{\"orderType\":\"DELIVERY\",\"deliveryArea\":{\"zipCode\":\"1430\",\"city\":\"Narayanganj\",\"deliveryCost\":\"2\"},\"deliveryTime\":{\"name\":\"01:00 PM to 02:00 PM\",\"value\":0,\"startTime\":\"13:00\",\"endTime\":\"14:00\",\"maxOrder\":\"20\"},\"paymentMethod\":\"CASH\",\"name\":\"Obayed Ur Rahman\",\"street\":\"Noya Ati, Rosulbag, Siddhirganj, Narayanganj\",\"phone\":\"8801304461899\",\"email\":\"obayed.opu@gmail.com\",\"accessCode\":\"1234\",\"activeOffersIds\":[182,198],\"discountCoupon\":null,\"stripe\":null,\"currency\":\"EURO\",\"items\":[{\"id\":308,\"name\":\"Sauce\",\"description\":\"g\",\"categoryId\":\"65\",\"additions\":[],\"options\":[{\"id\":176,\"name\":\"Size\",\"value\":{\"name\":\"Small\",\"price\":0,\"id\":1}}],\"price\":\"12.00\",\"addition_price\":\"0.00\",\"option_price\":\"0.00\",\"total\":\"12.00\",\"quantity\":1},{\"id\":179,\"name\":\"Soup\",\"description\":\"Lorem Ipsum is simply dummy text of the printing and typesetting industry. Lorem Ipsum has been the industry\'s standard dummy text ever since the 1500s, when an unknown printer took a galley of type and scrambled it to make a type specimen book. It has survived not only five centuries, but also the leap into electronic typesetting, remaining essentially unchanged. It was popularised in the 1960s with the release of Letraset sheets containing Lorem Ipsum passages, and more recently with desktop publishing software like Aldus PageMaker including versions of Lorem Ipsum.\",\"categoryId\":\"65\",\"price\":\"0.00\",\"addition_price\":\"0.00\",\"option_price\":\"0.00\",\"total\":\"0.00\",\"quantity\":1}],\"discountAmount\":\"1.20\",\"total\":12,\"deliveryCost\":2,\"productsTotal\":\"12.00\",\"customerId\":null,\"status\":\"pending\"}','orders',1,0,'','2022-02-10 20:15:34','2022-02-10 20:15:35','text/plain','gWCPlX09'),(365,253,'','','{\"orderType\":\"PICKUP\",\"deliveryArea\":{\"zipCode\":\"\",\"city\":\"Soup Restaurant, Carcow, Poland\",\"deliveryCost\":\"\"},\"other\":{\"note\":\"Other charge\",\"cost\":\"10\"},\"flatDiscount\":\"5.40\",\"tax\":0,\"customerId\":253,\"deliveryTime\":\"Instant\",\"paymentMethod\":\"Card\",\"name\":\"Street User\",\"street\":\"address goes here\",\"phone\":\"343435454\",\"email\":\"34343@example.com\",\"accessCode\":\"\",\"city\":\"N\\/A\",\"activeOffersIds\":[182,198],\"discountCoupon\":null,\"stripe\":null,\"currency\":\"EURO\",\"items\":[{\"id\":197,\"name\":\"Sushi 2\",\"price\":\"123.00\",\"description\":\"desc\",\"categoryId\":\"64\",\"additions\":[{\"name\":\"Chopsticks\",\"price\":2,\"id\":174}],\"options\":[{\"id\":176,\"name\":\"Size\",\"value\":{\"name\":\"Large\",\"price\":10,\"id\":3}},{\"id\":177,\"name\":\"Sauce\",\"value\":{\"name\":\"Tomato Sauce \",\"price\":1,\"id\":2}}],\"option_price\":11,\"addition_price\":2,\"quantity\":1,\"total\":\"136.00\",\"note\":\"\"},{\"categoryId\":\"65\",\"name\":\"Soup\",\"image\":{\"title\":\"Soup\",\"url\":\"http:\\/\\/localhost:4000\\/uploads\\/images\\/87b61a379c14845330c11a4aa92d610e.webp\"},\"description\":\"Lorem Ipsum is simply dummy text of the printing and typesetting industry. Lorem Ipsum has been the industry\'s standard dummy text ever since the 1500s, when an unknown printer took a galley of type and scrambled it to make a type specimen book. It has survived not only five centuries, but also the leap into electronic typesetting, remaining essentially unchanged. It was popularised in the 1960s with the release of Letraset sheets containing Lorem Ipsum passages, and more recently with desktop publishing software like Aldus PageMaker including versions of Lorem Ipsum.\",\"price\":0,\"options\":[],\"additions\":[],\"id\":179,\"order\":200,\"quantity\":1,\"total\":0,\"productsTotal\":0,\"option_price\":0,\"addition_price\":0}],\"productsTotal\":\"146.00\",\"status\":\"pending\",\"orderFrom\":\"pos\",\"discountAmount\":20,\"total\":136}','orders',1,0,'','2022-02-12 00:12:15','2022-02-12 00:12:15','text/plain','c09JVSwR'),(366,253,'','','{\"orderType\":\"PICKUP\",\"deliveryArea\":{\"zipCode\":\"1240\",\"city\":\"Uttara\",\"deliveryCost\":\"1\"},\"other\":{\"note\":\"\",\"cost\":0},\"flatDiscount\":0,\"tax\":\"6.76\",\"customerId\":253,\"deliveryTime\":\"Instant\",\"paymentMethod\":\"Cash+Card\",\"name\":\"Street User\",\"street\":\"address goes here\",\"phone\":\"343435454\",\"email\":\"34343@example.com\",\"accessCode\":\"\",\"city\":\"N\\/A\",\"activeOffersIds\":[182,198],\"discountCoupon\":null,\"stripe\":null,\"currency\":\"EURO\",\"items\":[{\"id\":197,\"name\":\"Sushi 2\",\"price\":\"123.00\",\"description\":\"desc\",\"categoryId\":\"64\",\"additions\":[],\"options\":[],\"option_price\":0,\"addition_price\":0,\"quantity\":1,\"total\":\"123.00\",\"note\":\"\"},{\"categoryId\":\"65\",\"name\":\"Soup\",\"image\":{\"title\":\"Soup\",\"url\":\"http:\\/\\/localhost:4000\\/uploads\\/images\\/87b61a379c14845330c11a4aa92d610e.webp\"},\"description\":\"Lorem Ipsum is simply dummy text of the printing and typesetting industry. Lorem Ipsum has been the industry\'s standard dummy text ever since the 1500s, when an unknown printer took a galley of type and scrambled it to make a type specimen book. It has survived not only five centuries, but also the leap into electronic typesetting, remaining essentially unchanged. It was popularised in the 1960s with the release of Letraset sheets containing Lorem Ipsum passages, and more recently with desktop publishing software like Aldus PageMaker including versions of Lorem Ipsum.\",\"price\":0,\"options\":[],\"additions\":[],\"id\":179,\"order\":200,\"quantity\":1,\"total\":0,\"productsTotal\":0,\"option_price\":0,\"addition_price\":0}],\"productsTotal\":\"123.00\",\"status\":\"pending\",\"orderFrom\":\"pos\",\"discountAmount\":12.3,\"total\":123}','orders',1,0,'','2022-02-12 00:29:56','2022-02-12 00:29:57','text/plain','c89nGw63'),(367,253,'','','{\"orderType\":\"PICKUP\",\"deliveryArea\":{\"zipCode\":\"1430\",\"city\":\"Narayanganj\",\"deliveryCost\":\"2\"},\"other\":{\"note\":\"\",\"cost\":0},\"flatDiscount\":0,\"tax\":\"6.76\",\"customerId\":253,\"deliveryTime\":\"Instant\",\"paymentMethod\":\"Card\",\"name\":\"Street User\",\"street\":\"address goes here\",\"phone\":\"343435454\",\"email\":\"34343@example.com\",\"accessCode\":\"\",\"city\":\"N\\/A\",\"activeOffersIds\":[],\"discountCoupon\":null,\"stripe\":null,\"currency\":\"EURO\",\"items\":[{\"id\":197,\"name\":\"Sushi 2\",\"price\":\"123.00\",\"description\":\"desc\",\"categoryId\":\"64\",\"additions\":[],\"options\":[],\"option_price\":0,\"addition_price\":0,\"quantity\":1,\"total\":\"123.00\",\"note\":\"\"},{\"categoryId\":\"65\",\"name\":\"Soup\",\"image\":{\"title\":\"Soup\",\"url\":\"http:\\/\\/localhost:4000\\/uploads\\/images\\/87b61a379c14845330c11a4aa92d610e.webp\"},\"description\":\"Lorem Ipsum is simply dummy text of the printing and typesetting industry. Lorem Ipsum has been the industry\'s standard dummy text ever since the 1500s, when an unknown printer took a galley of type and scrambled it to make a type specimen book. It has survived not only five centuries, but also the leap into electronic typesetting, remaining essentially unchanged. It was popularised in the 1960s with the release of Letraset sheets containing Lorem Ipsum passages, and more recently with desktop publishing software like Aldus PageMaker including versions of Lorem Ipsum.\",\"price\":0,\"options\":[],\"additions\":[],\"id\":179,\"order\":200,\"quantity\":1,\"total\":0,\"productsTotal\":0,\"option_price\":0,\"addition_price\":0}],\"productsTotal\":\"123.00\",\"status\":\"pending\",\"orderFrom\":\"pos\",\"total\":123,\"discountAmount\":\"12.30\"}','orders',1,0,'','2022-02-12 01:11:36','2022-02-12 01:11:36','text/plain','s4PxcnEJ'),(368,253,'','','{\"orderType\":\"PICKUP\",\"deliveryArea\":{\"zipCode\":\"\",\"city\":\"Soup Restaurant, Carcow, Poland\",\"deliveryCost\":\"\"},\"other\":{\"note\":\"\",\"cost\":0},\"flatDiscount\":0,\"tax\":\"6.76\",\"customerId\":253,\"deliveryTime\":\"Instant\",\"paymentMethod\":\"Cash\",\"name\":\"Street User\",\"street\":\"address goes here\",\"phone\":\"343435454\",\"email\":\"34343@example.com\",\"accessCode\":\"\",\"city\":\"N\\/A\",\"activeOffersIds\":[],\"discountCoupon\":null,\"stripe\":null,\"currency\":\"EURO\",\"items\":[{\"id\":197,\"name\":\"Sushi 2\",\"price\":\"123.00\",\"description\":\"desc\",\"categoryId\":\"64\",\"additions\":[],\"options\":[],\"option_price\":0,\"addition_price\":0,\"quantity\":1,\"total\":\"123.00\",\"note\":\"\"},{\"categoryId\":\"65\",\"name\":\"Soup\",\"image\":{\"title\":\"Soup\",\"url\":\"http:\\/\\/localhost:4000\\/uploads\\/images\\/87b61a379c14845330c11a4aa92d610e.webp\"},\"description\":\"Lorem Ipsum is simply dummy text of the printing and typesetting industry. Lorem Ipsum has been the industry\'s standard dummy text ever since the 1500s, when an unknown printer took a galley of type and scrambled it to make a type specimen book. It has survived not only five centuries, but also the leap into electronic typesetting, remaining essentially unchanged. It was popularised in the 1960s with the release of Letraset sheets containing Lorem Ipsum passages, and more recently with desktop publishing software like Aldus PageMaker including versions of Lorem Ipsum.\",\"price\":0,\"options\":[],\"additions\":[],\"id\":179,\"order\":200,\"quantity\":1,\"total\":0,\"productsTotal\":0,\"option_price\":0,\"addition_price\":0}],\"productsTotal\":\"123.00\",\"status\":\"pending\",\"orderFrom\":\"pos\",\"total\":123,\"discountAmount\":\"12.30\"}','orders',1,0,'','2022-02-12 01:18:41','2022-02-12 01:18:41','text/plain','hnv4KBwb'),(369,244,'','','{\"orderType\":\"PICKUP\",\"deliveryArea\":{\"zipCode\":\"1430\",\"city\":\"Narayanganj\",\"deliveryCost\":\"2\"},\"other\":{\"note\":\"\",\"cost\":0},\"flatDiscount\":0,\"tax\":\"6.76\",\"customerId\":244,\"deliveryTime\":\"Instant\",\"paymentMethod\":\"Cash\",\"name\":\"Obayed Ur Rahman Opu\",\"street\":null,\"phone\":\"8801304461894\",\"email\":\"obayed.opu@gmail.com\",\"accessCode\":\"\",\"city\":\"N\\/A\",\"activeOffersIds\":[],\"discountCoupon\":null,\"stripe\":null,\"currency\":\"EURO\",\"items\":[{\"id\":197,\"name\":\"Sushi 2\",\"price\":\"123.00\",\"description\":\"desc\",\"categoryId\":\"64\",\"additions\":[],\"options\":[],\"option_price\":0,\"addition_price\":0,\"quantity\":1,\"total\":\"123.00\",\"note\":\"\"},{\"categoryId\":\"65\",\"name\":\"Soup\",\"image\":{\"title\":\"Soup\",\"url\":\"http:\\/\\/localhost:4000\\/uploads\\/images\\/87b61a379c14845330c11a4aa92d610e.webp\"},\"description\":\"Lorem Ipsum is simply dummy text of the printing and typesetting industry. Lorem Ipsum has been the industry\'s standard dummy text ever since the 1500s, when an unknown printer took a galley of type and scrambled it to make a type specimen book. It has survived not only five centuries, but also the leap into electronic typesetting, remaining essentially unchanged. It was popularised in the 1960s with the release of Letraset sheets containing Lorem Ipsum passages, and more recently with desktop publishing software like Aldus PageMaker including versions of Lorem Ipsum.\",\"price\":0,\"options\":[],\"additions\":[],\"id\":179,\"order\":200,\"quantity\":1,\"total\":0,\"productsTotal\":0,\"option_price\":0,\"addition_price\":0}],\"productsTotal\":\"123.00\",\"total\":\"119.46\",\"status\":\"pending\",\"orderFrom\":\"pos\",\"discountAmount\":\"12.30\"}','orders',1,0,'','2022-02-12 01:30:38','2022-02-12 01:30:38','text/plain','9O3GXUXe'),(370,NULL,'','','{\"orderType\":\"DELIVERY\",\"deliveryArea\":{\"zipCode\":\"1430\",\"city\":\"Narayanganj\",\"deliveryCost\":\"2\"},\"deliveryTime\":{\"name\":\"01:00 PM to 02:00 PM\",\"value\":0,\"startTime\":\"13:00\",\"endTime\":\"14:00\",\"maxOrder\":\"20\"},\"paymentMethod\":\"CASH\",\"name\":\"Obayed Ur Rahman\",\"street\":\"Noya Ati, Rosulbag, Siddhirganj, Narayanganj\",\"phone\":\"8801304461899\",\"email\":\"obayed.opu@gmail.com\",\"accessCode\":\"2568\",\"activeOffersIds\":[182,198],\"discountCoupon\":null,\"stripe\":null,\"currency\":\"EURO\",\"items\":[{\"id\":308,\"name\":\"Sauce\",\"description\":\"g\",\"categoryId\":\"65\",\"additions\":[],\"options\":[{\"id\":176,\"name\":\"Size\",\"value\":{\"name\":\"Small\",\"price\":0,\"id\":1}}],\"price\":\"12.00\",\"addition_price\":\"0.00\",\"option_price\":\"0.00\",\"total\":\"12.00\",\"quantity\":1},{\"id\":240,\"name\":\"Sushi\",\"description\":\"description\",\"categoryId\":\"64\",\"additions\":[],\"options\":[{\"id\":176,\"name\":\"Size\",\"value\":{\"name\":\"Small\",\"price\":0,\"id\":1}},{\"id\":177,\"name\":\"Sauce\",\"value\":{\"name\":\"Chili Sauce\",\"price\":1,\"id\":1}}],\"price\":\"10.70\",\"addition_price\":\"0.00\",\"option_price\":\"0.00\",\"total\":\"10.70\",\"quantity\":1},{\"id\":179,\"name\":\"Soup\",\"description\":\"Lorem Ipsum is simply dummy text of the printing and typesetting industry. Lorem Ipsum has been the industry\'s standard dummy text ever since the 1500s, when an unknown printer took a galley of type and scrambled it to make a type specimen book. It has survived not only five centuries, but also the leap into electronic typesetting, remaining essentially unchanged. It was popularised in the 1960s with the release of Letraset sheets containing Lorem Ipsum passages, and more recently with desktop publishing software like Aldus PageMaker including versions of Lorem Ipsum.\",\"categoryId\":\"65\",\"price\":\"0.00\",\"addition_price\":\"0.00\",\"option_price\":\"0.00\",\"total\":\"0.00\",\"quantity\":1}],\"discountAmount\":\"2.27\",\"total\":22.43,\"deliveryCost\":2,\"productsTotal\":\"22.70\",\"customerId\":null,\"status\":\"pending\"}','orders',1,0,'','2022-02-12 18:24:35','2022-02-12 18:24:48','text/plain','ftnNDbZi'),(371,NULL,'','','{\"orderType\":\"PICKUP\",\"deliveryArea\":{\"zipCode\":\"N\\/A\",\"city\":\"Soup Restaurant, St John 21\\/52, Carcow, Poland\",\"deliveryCost\":\"0\"},\"deliveryTime\":{\"name\":\"01:00 PM to 02:00 PM\",\"value\":0,\"startTime\":\"13:00\",\"endTime\":\"14:00\",\"maxOrder\":\"20\"},\"paymentMethod\":\"CASH\",\"name\":\"Obayed Ur Rahman\",\"city\":\"Narayanganj\",\"street\":\"Noya Ati, Rosulbag, Siddhirganj, Narayanganj\",\"phone\":\"8801304461899\",\"email\":\"obayed.opu@gmail.com\",\"activeOffersIds\":[182,198],\"discountCoupon\":null,\"stripe\":null,\"currency\":\"EURO\",\"items\":[{\"id\":197,\"name\":\"Sushi 2\",\"description\":\"desc\",\"categoryId\":\"64\",\"additions\":[],\"options\":[{\"id\":176,\"name\":\"Size\",\"value\":{\"name\":\"Small\",\"price\":0,\"id\":1}},{\"id\":177,\"name\":\"Sauce\",\"value\":{\"name\":\"Chili Sauce\",\"price\":1,\"id\":1}}],\"price\":\"123.00\",\"addition_price\":\"0.00\",\"option_price\":\"0.00\",\"total\":\"123.00\",\"quantity\":1},{\"id\":179,\"name\":\"Soup\",\"description\":\"Lorem Ipsum is simply dummy text of the printing and typesetting industry. Lorem Ipsum has been the industry\'s standard dummy text ever since the 1500s, when an unknown printer took a galley of type and scrambled it to make a type specimen book. It has survived not only five centuries, but also the leap into electronic typesetting, remaining essentially unchanged. It was popularised in the 1960s with the release of Letraset sheets containing Lorem Ipsum passages, and more recently with desktop publishing software like Aldus PageMaker including versions of Lorem Ipsum.\",\"categoryId\":\"65\",\"price\":\"0.00\",\"addition_price\":\"0.00\",\"option_price\":\"0.00\",\"total\":\"0.00\",\"quantity\":1}],\"discountAmount\":\"12.30\",\"total\":117.46,\"deliveryCost\":0,\"productsTotal\":\"123.00\",\"customerId\":null,\"status\":\"pending\"}','orders',1,0,'','2022-02-12 18:47:24','2022-02-12 18:47:35','text/plain','adSVSuC4'),(372,NULL,'','','{\"orderType\":\"DELIVERY\",\"deliveryArea\":{\"zipCode\":\"1430\",\"city\":\"Narayanganj\",\"deliveryCost\":\"2\"},\"deliveryTime\":{\"name\":\"01:00 PM to 02:00 PM\",\"value\":0,\"startTime\":\"13:00\",\"endTime\":\"14:00\",\"maxOrder\":\"20\"},\"paymentMethod\":\"CASH\",\"accessCode\":\"7554\",\"name\":\"Obayed Ur Rahman\",\"street\":\"Noya Ati, Rosulbag, Siddhirganj, Narayanganj\",\"phone\":\"8801304461899\",\"email\":\"obayed.opu@gmail.com\",\"activeOffersIds\":null,\"discountCoupon\":null,\"stripe\":null,\"currency\":\"EURO\",\"items\":[{\"id\":308,\"name\":\"Sauce\",\"description\":\"g\",\"categoryId\":\"65\",\"additions\":[],\"options\":[{\"id\":176,\"name\":\"Size\",\"value\":{\"name\":\"Small\",\"price\":0,\"id\":1}}],\"price\":\"12.00\",\"addition_price\":\"0.00\",\"option_price\":\"0.00\",\"total\":\"12.00\",\"quantity\":1},{\"id\":197,\"name\":\"Sushi 2\",\"description\":\"desc\",\"categoryId\":\"64\",\"additions\":[],\"options\":[{\"id\":176,\"name\":\"Size\",\"value\":{\"name\":\"Small\",\"price\":0,\"id\":1}},{\"id\":177,\"name\":\"Sauce\",\"value\":{\"name\":\"Chili Sauce\",\"price\":1,\"id\":1}}],\"price\":\"123.00\",\"addition_price\":\"0.00\",\"option_price\":\"0.00\",\"total\":\"123.00\",\"quantity\":1}],\"discountAmount\":\"0.00\",\"total\":137,\"deliveryCost\":2,\"productsTotal\":\"135.00\",\"customerId\":null,\"status\":\"pending\"}','orders',1,0,'','2022-02-16 21:20:21','2022-02-16 21:20:30','text/plain','pNkGzsCE'),(373,NULL,'','','{\"orderType\":\"DELIVERY\",\"deliveryArea\":{\"zipCode\":\"1430\",\"city\":\"Narayanganj\",\"deliveryCost\":\"2\"},\"deliveryTime\":{\"name\":\"01:00 PM to 02:00 PM\",\"value\":0,\"startTime\":\"13:00\",\"endTime\":\"14:00\",\"maxOrder\":\"20\"},\"paymentMethod\":\"CASH\",\"name\":\"Obayed Ur Rahman\",\"street\":\"Noya Ati, Rosulbag, Siddhirganj, Narayanganj\",\"phone\":\"8801304461899\",\"email\":\"obayed.opu@gmail.com\",\"accessCode\":\"1234\",\"activeOffersIds\":[182,198],\"discountCoupon\":null,\"stripe\":null,\"currency\":\"EURO\",\"items\":[{\"id\":197,\"name\":\"Sushi 2\",\"description\":\"desc\",\"categoryId\":\"64\",\"additions\":[],\"options\":[{\"id\":176,\"name\":\"Size\",\"value\":{\"name\":\"Small\",\"price\":0,\"id\":1}},{\"id\":177,\"name\":\"Sauce\",\"value\":{\"name\":\"Chili Sauce\",\"price\":1,\"id\":1}}],\"price\":\"123.00\",\"addition_price\":\"0.00\",\"option_price\":\"0.00\",\"total\":\"123.00\",\"quantity\":1},{\"id\":179,\"name\":\"Soup\",\"description\":\"Lorem Ipsum is simply dummy text of the printing and typesetting industry. Lorem Ipsum has been the industry\'s standard dummy text ever since the 1500s, when an unknown printer took a galley of type and scrambled it to make a type specimen book. It has survived not only five centuries, but also the leap into electronic typesetting, remaining essentially unchanged. It was popularised in the 1960s with the release of Letraset sheets containing Lorem Ipsum passages, and more recently with desktop publishing software like Aldus PageMaker including versions of Lorem Ipsum.\",\"categoryId\":\"65\",\"price\":\"0.00\",\"addition_price\":\"0.00\",\"option_price\":\"0.00\",\"total\":\"0.00\",\"quantity\":1}],\"discountAmount\":\"12.30\",\"total\":112.7,\"tax\":\"6.76\",\"deliveryCost\":2,\"productsTotal\":\"123.00\",\"customerId\":null,\"status\":\"complete\"}','orders',1,0,'','2022-02-16 21:51:43','2022-02-16 22:15:36','text/plain','6vjmvn1P'),(374,244,'','','{\"name\":\"Obayed Ur Rahman Opu\",\"email\":\"obayed.opu@gmail.com\",\"phone\":\"8801304461899\",\"paymentMethod\":\"CASH\",\"orderType\":\"DELIVERY\",\"deliveryArea\":{\"zipCode\":\"1430\",\"city\":\"Narayanganj\",\"deliveryCost\":\"2\"},\"street\":\"Noya Ati, Rosulbag, Siddhirganj, Narayanganj\",\"accessCode\":\"1234\",\"activeOffersIds\":[182,198],\"discountCoupon\":null,\"stripe\":null,\"currency\":\"EURO\",\"items\":[{\"id\":197,\"name\":\"Sushi 2\",\"description\":\"desc\",\"categoryId\":\"64\",\"additions\":[],\"options\":[{\"id\":176,\"name\":\"Size\",\"value\":{\"name\":\"Small\",\"price\":0,\"id\":1}},{\"id\":177,\"name\":\"Sauce\",\"value\":{\"name\":\"Chili Sauce\",\"price\":1,\"id\":1}}],\"price\":\"123.00\",\"addition_price\":\"0.00\",\"option_price\":\"0.00\",\"total\":\"123.00\",\"quantity\":1},{\"id\":179,\"name\":\"Soup\",\"description\":\"Lorem Ipsum is simply dummy text of the printing and typesetting industry. Lorem Ipsum has been the industry\'s standard dummy text ever since the 1500s, when an unknown printer took a galley of type and scrambled it to make a type specimen book. It has survived not only five centuries, but also the leap into electronic typesetting, remaining essentially unchanged. It was popularised in the 1960s with the release of Letraset sheets containing Lorem Ipsum passages, and more recently with desktop publishing software like Aldus PageMaker including versions of Lorem Ipsum.\",\"categoryId\":\"65\",\"price\":\"0.00\",\"addition_price\":\"0.00\",\"option_price\":\"0.00\",\"total\":\"0.00\",\"quantity\":1}],\"discountAmount\":\"12.30\",\"total\":112.7,\"tax\":\"6.76\",\"deliveryCost\":2,\"productsTotal\":\"123.00\",\"customerId\":null,\"status\":\"pending\"}','orders',1,0,'','2022-02-18 16:27:57','2022-02-18 16:28:06','text/plain','6agWLEkV'),(375,244,'','','{\"orderType\":\"DELIVERY\",\"deliveryArea\":{\"zipCode\":\"1430\",\"city\":\"Narayanganj\",\"deliveryCost\":\"2\"},\"deliveryTime\":{\"name\":\"01:00 PM to 02:00 PM\",\"value\":0,\"startTime\":\"13:00\",\"endTime\":\"14:00\",\"maxOrder\":\"20\"},\"paymentMethod\":\"CASH\",\"name\":\"Obayed Ur Rahman Opu\",\"email\":\"obayed.opu@gmail.com\",\"phone\":\"8801304461899\",\"street\":\"Noya Ati, Rosulbag, Siddhirganj\",\"accessCode\":\"1234\",\"activeOffersIds\":[182,198],\"discountCoupon\":null,\"stripe\":null,\"currency\":\"EURO\",\"items\":[{\"id\":308,\"name\":\"Sauce\",\"description\":\"g\",\"categoryId\":\"65\",\"additions\":[],\"options\":[{\"id\":176,\"name\":\"Size\",\"value\":{\"name\":\"Small\",\"price\":0,\"id\":1}}],\"price\":\"12.00\",\"addition_price\":\"0.00\",\"option_price\":\"0.00\",\"total\":\"12.00\",\"quantity\":1},{\"id\":179,\"name\":\"Soup\",\"description\":\"Lorem Ipsum is simply dummy text of the printing and typesetting industry. Lorem Ipsum has been the industry\'s standard dummy text ever since the 1500s, when an unknown printer took a galley of type and scrambled it to make a type specimen book. It has survived not only five centuries, but also the leap into electronic typesetting, remaining essentially unchanged. It was popularised in the 1960s with the release of Letraset sheets containing Lorem Ipsum passages, and more recently with desktop publishing software like Aldus PageMaker including versions of Lorem Ipsum.\",\"categoryId\":\"65\",\"price\":\"0.00\",\"addition_price\":\"0.00\",\"option_price\":\"0.00\",\"total\":\"0.00\",\"quantity\":1}],\"discountAmount\":\"1.20\",\"total\":12.8,\"tax\":\"0.66\",\"deliveryCost\":2,\"productsTotal\":\"12.00\",\"customerId\":244,\"orderFrom\":\"web\",\"status\":\"pending\"}','orders',1,0,'','2022-02-18 17:40:00','2022-02-18 17:40:14','text/plain','dNZoh597'),(376,244,'','','{\"orderType\":\"DELIVERY\",\"deliveryArea\":{\"zipCode\":\"1430\",\"city\":\"Narayanganj\",\"deliveryCost\":\"2\"},\"deliveryTime\":{\"name\":\"01:00 PM to 02:00 PM\",\"value\":0,\"startTime\":\"13:00\",\"endTime\":\"14:00\",\"maxOrder\":\"20\"},\"paymentMethod\":\"CASH\",\"name\":\"Obayed Ur Rahman Opu\",\"email\":\"obayed.opu@gmail.com\",\"phone\":\"8801304461899\",\"street\":\"Noya Ati, Rosulbag, Siddhirganj\",\"accessCode\":\"1234\",\"activeOffersIds\":[182,198],\"discountCoupon\":null,\"stripe\":null,\"currency\":\"EURO\",\"items\":[{\"id\":308,\"name\":\"Sauce\",\"description\":\"g\",\"categoryId\":\"65\",\"additions\":[],\"options\":[{\"id\":176,\"name\":\"Size\",\"value\":{\"name\":\"Small\",\"price\":0,\"id\":1}}],\"price\":\"12.00\",\"addition_price\":\"0.00\",\"option_price\":\"0.00\",\"total\":\"12.00\",\"quantity\":1},{\"id\":197,\"name\":\"Sushi 2\",\"description\":\"desc\",\"categoryId\":\"64\",\"additions\":[],\"options\":[{\"id\":176,\"name\":\"Size\",\"value\":{\"name\":\"Small\",\"price\":0,\"id\":1}},{\"id\":177,\"name\":\"Sauce\",\"value\":{\"name\":\"Chili Sauce\",\"price\":1,\"id\":1}}],\"price\":\"123.00\",\"addition_price\":\"0.00\",\"option_price\":\"0.00\",\"total\":\"123.00\",\"quantity\":1},{\"id\":178,\"name\":\"Sushi\",\"description\":\"Tasty sushi \\ud83c\\udf63\",\"categoryId\":\"64\",\"additions\":[],\"options\":[{\"id\":176,\"name\":\"Size\",\"value\":{\"name\":\"Small\",\"price\":0,\"id\":1}},{\"id\":177,\"name\":\"Sauce\",\"value\":{\"name\":\"Chili Sauce\",\"price\":1,\"id\":1}}],\"price\":\"55.00\",\"addition_price\":\"0.00\",\"option_price\":\"0.00\",\"total\":\"55.00\",\"quantity\":1},{\"id\":179,\"name\":\"Soup\",\"description\":\"Lorem Ipsum is simply dummy text of the printing and typesetting industry. Lorem Ipsum has been the industry\'s standard dummy text ever since the 1500s, when an unknown printer took a galley of type and scrambled it to make a type specimen book. It has survived not only five centuries, but also the leap into electronic typesetting, remaining essentially unchanged. It was popularised in the 1960s with the release of Letraset sheets containing Lorem Ipsum passages, and more recently with desktop publishing software like Aldus PageMaker including versions of Lorem Ipsum.\",\"categoryId\":\"65\",\"price\":\"0.00\",\"addition_price\":\"0.00\",\"option_price\":\"0.00\",\"total\":\"0.00\",\"quantity\":1}],\"discountAmount\":\"19.00\",\"total\":173,\"tax\":\"10.45\",\"deliveryCost\":2,\"productsTotal\":\"190.00\",\"customerId\":244,\"orderFrom\":\"web\",\"status\":\"pending\"}','orders',1,0,'','2022-02-18 17:41:29','2022-02-18 17:41:46','text/plain','8yhqQE20'),(377,NULL,'','','{\"orderType\":\"PICKUP\",\"deliveryArea\":{\"zipCode\":\"\",\"city\":\"Soup Restaurant, Carcow, Poland\",\"deliveryCost\":\"\"},\"other\":{\"note\":\"\",\"cost\":0},\"tax\":\"0.59\",\"flatDiscount\":0,\"deliveryTime\":\"Instant\",\"paymentMethod\":\"Cash\",\"name\":\"Walk in Customer\",\"street\":\"N\\/A\",\"phone\":\"N\\/A\",\"email\":\"N\\/A\",\"accessCode\":\"\",\"city\":\"N\\/A\",\"activeOffersIds\":[],\"discountCoupon\":null,\"stripe\":null,\"currency\":\"EURO\",\"items\":[{\"id\":240,\"name\":\"Sushi\",\"price\":\"10.70\",\"description\":\"description\",\"categoryId\":\"64\",\"additions\":[],\"options\":[],\"option_price\":0,\"addition_price\":0,\"quantity\":1,\"total\":\"10.70\",\"note\":\"\"},{\"categoryId\":\"65\",\"name\":\"Soup\",\"image\":{\"title\":\"Soup\",\"url\":\"http:\\/\\/localhost:4000\\/uploads\\/images\\/87b61a379c14845330c11a4aa92d610e.webp\"},\"description\":\"Lorem Ipsum is simply dummy text of the printing and typesetting industry. Lorem Ipsum has been the industry\'s standard dummy text ever since the 1500s, when an unknown printer took a galley of type and scrambled it to make a type specimen book. It has survived not only five centuries, but also the leap into electronic typesetting, remaining essentially unchanged. It was popularised in the 1960s with the release of Letraset sheets containing Lorem Ipsum passages, and more recently with desktop publishing software like Aldus PageMaker including versions of Lorem Ipsum.\",\"price\":0,\"options\":[],\"additions\":[],\"id\":179,\"order\":200,\"quantity\":1,\"total\":0,\"productsTotal\":0,\"option_price\":0,\"addition_price\":0}],\"productsTotal\":\"10.70\",\"total\":\"9.63\",\"status\":\"pending\",\"discountAmount\":\"1.07\",\"userId\":null,\"address\":\"N\\/A\",\"customerId\":null}','orders',1,0,'','2022-02-18 22:42:32','2022-02-18 22:42:32','text/plain','CS50nNTD'),(378,244,'','','{\"orderType\":\"PICKUP\",\"deliveryArea\":{\"zipCode\":\"1430\",\"city\":\"Narayanganj\",\"deliveryCost\":\"2\"},\"other\":{\"note\":\"\",\"cost\":0},\"tax\":\"6.76\",\"flatDiscount\":0,\"deliveryTime\":\"Instant\",\"paymentMethod\":\"Cash\",\"name\":\"Obayed Ur Rahman Opu\",\"street\":\"Noya Ati, Rosulbag, Siddhirganj\",\"phone\":\"8801304461899\",\"email\":\"obayed.opu@gmail.com\",\"accessCode\":\"\",\"city\":\"N\\/A\",\"activeOffersIds\":[],\"discountCoupon\":null,\"stripe\":null,\"currency\":\"EURO\",\"items\":[{\"id\":197,\"name\":\"Sushi 2\",\"price\":\"123.00\",\"description\":\"desc\",\"categoryId\":\"64\",\"additions\":[],\"options\":[],\"option_price\":0,\"addition_price\":0,\"quantity\":1,\"total\":\"123.00\",\"note\":\"\"},{\"categoryId\":\"65\",\"name\":\"Soup\",\"image\":{\"title\":\"Soup\",\"url\":\"http:\\/\\/localhost:4000\\/uploads\\/images\\/87b61a379c14845330c11a4aa92d610e.webp\"},\"description\":\"Lorem Ipsum is simply dummy text of the printing and typesetting industry. Lorem Ipsum has been the industry\'s standard dummy text ever since the 1500s, when an unknown printer took a galley of type and scrambled it to make a type specimen book. It has survived not only five centuries, but also the leap into electronic typesetting, remaining essentially unchanged. It was popularised in the 1960s with the release of Letraset sheets containing Lorem Ipsum passages, and more recently with desktop publishing software like Aldus PageMaker including versions of Lorem Ipsum.\",\"price\":0,\"options\":[],\"additions\":[],\"id\":179,\"order\":200,\"quantity\":1,\"total\":0,\"productsTotal\":0,\"option_price\":0,\"addition_price\":0}],\"productsTotal\":\"123.00\",\"total\":\"112.70\",\"status\":\"pending\",\"discountAmount\":\"12.30\",\"customerId\":244}','orders',1,0,'','2022-02-18 22:44:12','2022-02-18 22:44:12','text/plain','8Duiy9k0'),(379,NULL,'','','{\"orderType\":\"PICKUP\",\"deliveryArea\":{\"zipCode\":\"1430\",\"city\":\"Narayanganj\",\"deliveryCost\":\"2\"},\"other\":{\"note\":\"\",\"cost\":0},\"tax\":\"6.76\",\"flatDiscount\":0,\"deliveryTime\":\"Instant\",\"paymentMethod\":\"Cash\",\"name\":\"Create New\",\"street\":\"address\",\"phone\":\"45454545454\",\"email\":\"email@gmail.com\",\"accessCode\":\"\",\"city\":\"N\\/A\",\"activeOffersIds\":[],\"discountCoupon\":null,\"stripe\":null,\"currency\":\"EURO\",\"items\":[{\"id\":197,\"name\":\"Sushi 2\",\"price\":\"123.00\",\"description\":\"desc\",\"categoryId\":\"64\",\"additions\":[],\"options\":[],\"option_price\":0,\"addition_price\":0,\"quantity\":1,\"total\":\"123.00\",\"note\":\"\"},{\"categoryId\":\"65\",\"name\":\"Soup\",\"image\":{\"title\":\"Soup\",\"url\":\"http:\\/\\/localhost:4000\\/uploads\\/images\\/87b61a379c14845330c11a4aa92d610e.webp\"},\"description\":\"Lorem Ipsum is simply dummy text of the printing and typesetting industry. Lorem Ipsum has been the industry\'s standard dummy text ever since the 1500s, when an unknown printer took a galley of type and scrambled it to make a type specimen book. It has survived not only five centuries, but also the leap into electronic typesetting, remaining essentially unchanged. It was popularised in the 1960s with the release of Letraset sheets containing Lorem Ipsum passages, and more recently with desktop publishing software like Aldus PageMaker including versions of Lorem Ipsum.\",\"price\":0,\"options\":[],\"additions\":[],\"id\":179,\"order\":200,\"quantity\":1,\"total\":0,\"productsTotal\":0,\"option_price\":0,\"addition_price\":0}],\"productsTotal\":\"123.00\",\"total\":\"112.70\",\"status\":\"pending\",\"discountAmount\":\"12.30\",\"customerId\":null}','orders',1,0,'','2022-02-18 22:46:18','2022-02-18 22:46:18','text/plain','4MYIRkH5'),(380,NULL,'','','{\"orderType\":\"PICKUP\",\"deliveryArea\":{\"zipCode\":\"\",\"city\":\"Soup Restaurant, Carcow, Poland\",\"deliveryCost\":\"\"},\"other\":{\"note\":\"\",\"cost\":0},\"flatDiscount\":0,\"tax\":\"6.76\",\"customerId\":null,\"deliveryTime\":\"Instant\",\"paymentMethod\":\"Cash\",\"name\":\"Walk in Customer\",\"street\":\"N\\/A\",\"phone\":\"N\\/A\",\"email\":\"N\\/A\",\"accessCode\":\"\",\"city\":\"N\\/A\",\"activeOffersIds\":[],\"discountCoupon\":null,\"stripe\":null,\"currency\":\"EURO\",\"items\":[{\"id\":197,\"name\":\"Sushi 2\",\"price\":\"123.00\",\"description\":\"desc\",\"categoryId\":\"64\",\"additions\":[],\"options\":[],\"option_price\":0,\"addition_price\":0,\"quantity\":1,\"total\":\"123.00\",\"note\":\"\"},{\"categoryId\":\"65\",\"name\":\"Soup\",\"image\":{\"title\":\"Soup\",\"url\":\"http:\\/\\/localhost:4000\\/uploads\\/images\\/87b61a379c14845330c11a4aa92d610e.webp\"},\"description\":\"Lorem Ipsum is simply dummy text of the printing and typesetting industry. Lorem Ipsum has been the industry\'s standard dummy text ever since the 1500s, when an unknown printer took a galley of type and scrambled it to make a type specimen book. It has survived not only five centuries, but also the leap into electronic typesetting, remaining essentially unchanged. It was popularised in the 1960s with the release of Letraset sheets containing Lorem Ipsum passages, and more recently with desktop publishing software like Aldus PageMaker including versions of Lorem Ipsum.\",\"price\":0,\"options\":[],\"additions\":[],\"id\":179,\"order\":200,\"quantity\":1,\"total\":0,\"productsTotal\":0,\"option_price\":0,\"addition_price\":0}],\"productsTotal\":\"123.00\",\"total\":\"110.70\",\"status\":\"pending\",\"orderFrom\":\"pos\",\"discountAmount\":\"12.30\",\"userId\":null,\"address\":\"N\\/A\"}','orders',1,0,'','2022-02-20 22:35:52','2022-02-20 22:35:52','text/plain','903aKGYA'),(381,244,'','','{\"orderType\":\"PICKUP\",\"deliveryArea\":{\"zipCode\":\"1430\",\"city\":\"Narayanganj\",\"deliveryCost\":\"2\"},\"other\":{\"note\":\"\",\"cost\":0},\"tax\":\"7.32\",\"flatDiscount\":0,\"deliveryTime\":\"Instant\",\"paymentMethod\":\"Cash\",\"name\":\"Obayed Ur Rahman Opu\",\"street\":\"Noya Ati, Rosulbag, Siddhirganj\",\"phone\":\"8801304461899\",\"email\":\"obayed.opu@gmail.com\",\"accessCode\":\"\",\"city\":\"N\\/A\",\"activeOffersIds\":[],\"discountCoupon\":null,\"stripe\":null,\"currency\":\"EURO\",\"items\":[{\"id\":197,\"name\":\"Sushi 2\",\"price\":\"123.00\",\"description\":\"desc\",\"categoryId\":\"64\",\"additions\":[],\"options\":[{\"id\":176,\"name\":\"Size\",\"value\":{\"name\":\"Large\",\"price\":10,\"id\":3}}],\"option_price\":10,\"addition_price\":0,\"quantity\":1,\"total\":\"133.00\",\"note\":\"\"},{\"categoryId\":\"65\",\"name\":\"Soup\",\"image\":{\"title\":\"Soup\",\"url\":\"http:\\/\\/localhost:4000\\/uploads\\/images\\/87b61a379c14845330c11a4aa92d610e.webp\"},\"description\":\"Lorem Ipsum is simply dummy text of the printing and typesetting industry. Lorem Ipsum has been the industry\'s standard dummy text ever since the 1500s, when an unknown printer took a galley of type and scrambled it to make a type specimen book. It has survived not only five centuries, but also the leap into electronic typesetting, remaining essentially unchanged. It was popularised in the 1960s with the release of Letraset sheets containing Lorem Ipsum passages, and more recently with desktop publishing software like Aldus PageMaker including versions of Lorem Ipsum.\",\"price\":0,\"options\":[],\"additions\":[],\"id\":179,\"order\":200,\"quantity\":1,\"total\":0,\"productsTotal\":0,\"option_price\":0,\"addition_price\":0}],\"productsTotal\":\"133.00\",\"total\":\"121.70\",\"status\":\"pending\",\"discountAmount\":\"13.30\",\"customerId\":244}','orders',1,0,'','2022-02-20 22:36:52','2022-02-20 22:36:52','text/plain','gYlrf1U7'),(382,NULL,'','','{\"name\":\"Obayed Ur Rahman\",\"email\":\"obayed.opu@gmail.com\",\"phone\":\"8801304461899\",\"street\":\"Noya Ati, Rosulbag, Siddhirganj, Narayanganj\",\"paymentMethod\":\"CASH\",\"orderType\":\"DELIVERY\",\"deliveryArea\":{\"zipCode\":\"1430\",\"city\":\"Narayanganj\",\"deliveryCost\":\"2\"},\"accessCode\":\"1234\",\"activeOffersIds\":[182,198],\"discountCoupon\":null,\"stripe\":null,\"currency\":\"EURO\",\"items\":[{\"id\":308,\"name\":\"Sauce\",\"description\":\"g\",\"categoryId\":\"65\",\"additions\":[],\"options\":[{\"id\":176,\"name\":\"Size\",\"value\":{\"name\":\"Small\",\"price\":0,\"id\":1}}],\"price\":\"12.00\",\"addition_price\":\"0.00\",\"option_price\":\"0.00\",\"total\":\"12.00\",\"quantity\":1},{\"id\":179,\"name\":\"Soup\",\"description\":\"Lorem Ipsum is simply dummy text of the printing and typesetting industry. Lorem Ipsum has been the industry\'s standard dummy text ever since the 1500s, when an unknown printer took a galley of type and scrambled it to make a type specimen book. It has survived not only five centuries, but also the leap into electronic typesetting, remaining essentially unchanged. It was popularised in the 1960s with the release of Letraset sheets containing Lorem Ipsum passages, and more recently with desktop publishing software like Aldus PageMaker including versions of Lorem Ipsum.\",\"categoryId\":\"65\",\"price\":\"0.00\",\"addition_price\":\"0.00\",\"option_price\":\"0.00\",\"total\":\"0.00\",\"quantity\":1}],\"discountAmount\":\"1.20\",\"total\":12.8,\"tax\":\"0.66\",\"deliveryCost\":2,\"productsTotal\":\"12.00\",\"customerId\":null,\"orderFrom\":\"web\",\"status\":\"pending\"}','orders',1,0,'','2022-02-20 22:38:08','2022-02-20 22:38:18','text/plain','hqwMVi6V'),(383,NULL,'','','{\"name\":\"Obayed Ur Rahman\",\"email\":\"obayed.opu@gmail.com\",\"phone\":\"8801304461899\",\"street\":\"Noya Ati, Rosulbag, Siddhirganj, Narayanganj\",\"paymentMethod\":\"CASH\",\"orderType\":\"DELIVERY\",\"deliveryArea\":{\"zipCode\":\"1430\",\"city\":\"Narayanganj\",\"deliveryCost\":\"2\"},\"accessCode\":\"1234\",\"activeOffersIds\":[182,198],\"discountCoupon\":null,\"stripe\":null,\"currency\":\"EURO\",\"items\":[{\"id\":308,\"name\":\"Sauce\",\"description\":\"g\",\"categoryId\":\"65\",\"additions\":[],\"options\":[{\"id\":176,\"name\":\"Size\",\"value\":{\"name\":\"Small\",\"price\":0,\"id\":1}}],\"price\":\"12.00\",\"addition_price\":\"0.00\",\"option_price\":\"0.00\",\"total\":\"12.00\",\"quantity\":1},{\"id\":179,\"name\":\"Soup\",\"description\":\"Lorem Ipsum is simply dummy text of the printing and typesetting industry. Lorem Ipsum has been the industry\'s standard dummy text ever since the 1500s, when an unknown printer took a galley of type and scrambled it to make a type specimen book. It has survived not only five centuries, but also the leap into electronic typesetting, remaining essentially unchanged. It was popularised in the 1960s with the release of Letraset sheets containing Lorem Ipsum passages, and more recently with desktop publishing software like Aldus PageMaker including versions of Lorem Ipsum.\",\"categoryId\":\"65\",\"price\":\"0.00\",\"addition_price\":\"0.00\",\"option_price\":\"0.00\",\"total\":\"0.00\",\"quantity\":1}],\"discountAmount\":\"1.20\",\"total\":12.8,\"tax\":\"0.66\",\"deliveryCost\":2,\"productsTotal\":\"12.00\",\"customerId\":null,\"orderFrom\":\"web\",\"status\":\"pending\"}','orders',1,0,'','2022-02-20 22:41:19','2022-02-20 22:41:29','text/plain','ezFSaeT8'),(384,NULL,'','','{\"orderType\":\"PICKUP\",\"deliveryArea\":{\"zipCode\":\"\",\"city\":\"Soup Restaurant, Carcow, Poland\",\"deliveryCost\":\"\"},\"other\":{\"note\":\"Tip\",\"cost\":\"10\"},\"flatDiscount\":\"9.70\",\"tax\":\"7.32\",\"customerId\":null,\"deliveryTime\":\"Instant\",\"paymentMethod\":\"Cash\",\"name\":\"Walk in Customer\",\"street\":\"N\\/A\",\"phone\":\"N\\/A\",\"email\":\"N\\/A\",\"accessCode\":\"\",\"city\":\"N\\/A\",\"activeOffersIds\":[],\"discountCoupon\":null,\"stripe\":null,\"currency\":\"EURO\",\"items\":[{\"id\":197,\"name\":\"Sushi 2\",\"price\":\"123.00\",\"description\":\"desc\",\"categoryId\":\"64\",\"additions\":[],\"options\":[],\"option_price\":0,\"addition_price\":0,\"quantity\":1,\"total\":\"123.00\",\"note\":\"\"},{\"categoryId\":\"65\",\"name\":\"Soup\",\"image\":{\"title\":\"Soup\",\"url\":\"http:\\/\\/localhost:4000\\/uploads\\/images\\/87b61a379c14845330c11a4aa92d610e.webp\"},\"description\":\"Lorem Ipsum is simply dummy text of the printing and typesetting industry. Lorem Ipsum has been the industry\'s standard dummy text ever since the 1500s, when an unknown printer took a galley of type and scrambled it to make a type specimen book. It has survived not only five centuries, but also the leap into electronic typesetting, remaining essentially unchanged. It was popularised in the 1960s with the release of Letraset sheets containing Lorem Ipsum passages, and more recently with desktop publishing software like Aldus PageMaker including versions of Lorem Ipsum.\",\"price\":0,\"options\":[],\"additions\":[],\"id\":179,\"order\":200,\"quantity\":1,\"total\":0,\"productsTotal\":0,\"option_price\":0,\"addition_price\":0}],\"productsTotal\":\"133.00\",\"total\":\"110.00\",\"status\":\"pending\",\"orderFrom\":\"pos\",\"discountAmount\":\"23.00\",\"userId\":null,\"address\":\"N\\/A\"}','orders',1,0,'','2022-02-20 23:10:16','2022-02-20 23:10:16','text/plain','i6qvflkB'),(385,NULL,'','','{\"orderType\":\"PICKUP\",\"deliveryArea\":{\"zipCode\":\"\",\"city\":\"Soup Restaurant, Carcow, Poland\",\"deliveryCost\":\"\"},\"other\":{\"note\":\"\",\"cost\":0},\"tax\":\"6.76\",\"flatDiscount\":0,\"deliveryTime\":\"Instant\",\"paymentMethod\":\"Cash\",\"name\":\"Walk in Customer\",\"street\":\"N\\/A\",\"phone\":\"N\\/A\",\"email\":\"N\\/A\",\"accessCode\":\"\",\"city\":\"N\\/A\",\"activeOffersIds\":[],\"discountCoupon\":null,\"stripe\":null,\"currency\":\"EURO\",\"items\":[{\"id\":197,\"name\":\"Sushi 2\",\"price\":\"123.00\",\"description\":\"desc\",\"categoryId\":\"64\",\"additions\":[],\"options\":[],\"option_price\":0,\"addition_price\":0,\"quantity\":1,\"total\":\"123.00\",\"note\":\"\"},{\"categoryId\":\"65\",\"name\":\"Soup\",\"image\":{\"title\":\"Soup\",\"url\":\"http:\\/\\/localhost:4000\\/uploads\\/images\\/87b61a379c14845330c11a4aa92d610e.webp\"},\"description\":\"Lorem Ipsum is simply dummy text of the printing and typesetting industry. Lorem Ipsum has been the industry\'s standard dummy text ever since the 1500s, when an unknown printer took a galley of type and scrambled it to make a type specimen book. It has survived not only five centuries, but also the leap into electronic typesetting, remaining essentially unchanged. It was popularised in the 1960s with the release of Letraset sheets containing Lorem Ipsum passages, and more recently with desktop publishing software like Aldus PageMaker including versions of Lorem Ipsum.\",\"price\":0,\"options\":[],\"additions\":[],\"id\":179,\"order\":200,\"quantity\":1,\"total\":0,\"productsTotal\":0,\"option_price\":0,\"addition_price\":0}],\"productsTotal\":\"123.00\",\"total\":\"110.70\",\"status\":\"pending\",\"discountAmount\":\"12.30\",\"userId\":null,\"address\":\"N\\/A\",\"customerId\":null}','orders',1,0,'','2022-02-20 23:12:21','2022-02-20 23:12:21','text/plain','kLf7hw5f'),(386,244,'','','{\"orderType\":\"PICKUP\",\"deliveryArea\":{\"zipCode\":\"1430\",\"city\":\"Narayanganj\",\"deliveryCost\":\"2\"},\"other\":{\"note\":\"\",\"cost\":0},\"tax\":\"6.76\",\"flatDiscount\":0,\"deliveryTime\":\"Instant\",\"paymentMethod\":\"Cash\",\"name\":\"Obayed Ur Rahman Opu\",\"street\":\"Noya Ati, Rosulbag, Siddhirganj, Narayanganj \",\"phone\":\"8801304461899\",\"email\":\"obayed.opu@gmail.com\",\"accessCode\":\"\",\"city\":\"N\\/A\",\"activeOffersIds\":[],\"discountCoupon\":null,\"stripe\":null,\"currency\":\"EURO\",\"items\":[{\"id\":197,\"name\":\"Sushi 2\",\"price\":\"123.00\",\"description\":\"desc\",\"categoryId\":\"64\",\"additions\":[],\"options\":[],\"option_price\":0,\"addition_price\":0,\"quantity\":1,\"total\":\"123.00\",\"note\":\"\"},{\"categoryId\":\"65\",\"name\":\"Soup\",\"image\":{\"title\":\"Soup\",\"url\":\"http:\\/\\/localhost:4000\\/uploads\\/images\\/87b61a379c14845330c11a4aa92d610e.webp\"},\"description\":\"Lorem Ipsum is simply dummy text of the printing and typesetting industry. Lorem Ipsum has been the industry\'s standard dummy text ever since the 1500s, when an unknown printer took a galley of type and scrambled it to make a type specimen book. It has survived not only five centuries, but also the leap into electronic typesetting, remaining essentially unchanged. It was popularised in the 1960s with the release of Letraset sheets containing Lorem Ipsum passages, and more recently with desktop publishing software like Aldus PageMaker including versions of Lorem Ipsum.\",\"price\":0,\"options\":[],\"additions\":[],\"id\":179,\"order\":200,\"quantity\":1,\"total\":0,\"productsTotal\":0,\"option_price\":0,\"addition_price\":0}],\"productsTotal\":\"123.00\",\"total\":\"112.70\",\"status\":\"pending\",\"discountAmount\":\"12.30\",\"customerId\":244}','orders',1,0,'','2022-02-20 23:12:47','2022-02-20 23:12:47','text/plain','feqXC1Tx'),(387,NULL,'','','{\"orderType\":\"PICKUP\",\"deliveryArea\":{\"zipCode\":\"1430\",\"city\":\"Narayanganj\",\"deliveryCost\":\"2\"},\"other\":{\"note\":\"\",\"cost\":0},\"tax\":\"6.76\",\"flatDiscount\":0,\"deliveryTime\":\"Instant\",\"paymentMethod\":\"Cash\",\"name\":\"Walk in User\",\"street\":\"sdygjhgh\",\"phone\":\"12454545488\",\"email\":\"hello@example.com\",\"accessCode\":\"\",\"city\":\"N\\/A\",\"activeOffersIds\":[],\"discountCoupon\":null,\"stripe\":null,\"currency\":\"EURO\",\"items\":[{\"id\":197,\"name\":\"Sushi 2\",\"price\":\"123.00\",\"description\":\"desc\",\"categoryId\":\"64\",\"additions\":[],\"options\":[],\"option_price\":0,\"addition_price\":0,\"quantity\":1,\"total\":\"123.00\",\"note\":\"\"},{\"categoryId\":\"65\",\"name\":\"Soup\",\"image\":{\"title\":\"Soup\",\"url\":\"http:\\/\\/localhost:4000\\/uploads\\/images\\/87b61a379c14845330c11a4aa92d610e.webp\"},\"description\":\"Lorem Ipsum is simply dummy text of the printing and typesetting industry. Lorem Ipsum has been the industry\'s standard dummy text ever since the 1500s, when an unknown printer took a galley of type and scrambled it to make a type specimen book. It has survived not only five centuries, but also the leap into electronic typesetting, remaining essentially unchanged. It was popularised in the 1960s with the release of Letraset sheets containing Lorem Ipsum passages, and more recently with desktop publishing software like Aldus PageMaker including versions of Lorem Ipsum.\",\"price\":0,\"options\":[],\"additions\":[],\"id\":179,\"order\":200,\"quantity\":1,\"total\":0,\"productsTotal\":0,\"option_price\":0,\"addition_price\":0}],\"productsTotal\":\"123.00\",\"total\":\"112.70\",\"status\":\"pending\",\"discountAmount\":\"12.30\"}','orders',1,0,'','2022-02-20 23:13:52','2022-02-20 23:13:52','text/plain','a9RAfOta'),(388,NULL,'','','{\"orderType\":\"PICKUP\",\"deliveryArea\":{\"zipCode\":\"\",\"city\":\"Soup Restaurant, Carcow, Poland\",\"deliveryCost\":\"\"},\"other\":{\"note\":\"\",\"cost\":0},\"flatDiscount\":0,\"tax\":\"6.76\",\"customerId\":null,\"deliveryTime\":\"Instant\",\"paymentMethod\":\"Cash\",\"name\":\"Walk in Customer\",\"street\":\"N\\/A\",\"phone\":\"N\\/A\",\"email\":\"N\\/A\",\"accessCode\":\"\",\"city\":\"N\\/A\",\"activeOffersIds\":[],\"discountCoupon\":null,\"stripe\":null,\"currency\":\"EURO\",\"items\":[{\"id\":197,\"name\":\"Sushi 2\",\"price\":\"123.00\",\"description\":\"desc\",\"categoryId\":\"64\",\"additions\":[],\"options\":[],\"option_price\":0,\"addition_price\":0,\"quantity\":1,\"total\":\"123.00\",\"note\":\"\"},{\"categoryId\":\"65\",\"name\":\"Soup\",\"image\":{\"title\":\"Soup\",\"url\":\"http:\\/\\/localhost:4000\\/uploads\\/images\\/87b61a379c14845330c11a4aa92d610e.webp\"},\"description\":\"Lorem Ipsum is simply dummy text of the printing and typesetting industry. Lorem Ipsum has been the industry\'s standard dummy text ever since the 1500s, when an unknown printer took a galley of type and scrambled it to make a type specimen book. It has survived not only five centuries, but also the leap into electronic typesetting, remaining essentially unchanged. It was popularised in the 1960s with the release of Letraset sheets containing Lorem Ipsum passages, and more recently with desktop publishing software like Aldus PageMaker including versions of Lorem Ipsum.\",\"price\":0,\"options\":[],\"additions\":[],\"id\":179,\"order\":200,\"quantity\":1,\"total\":0,\"productsTotal\":0,\"option_price\":0,\"addition_price\":0}],\"productsTotal\":\"123.00\",\"total\":\"110.70\",\"status\":\"pending\",\"orderFrom\":\"pos\",\"discountAmount\":\"12.30\",\"address\":\"N\\/A\"}','orders',1,0,'','2022-02-21 15:11:26','2022-02-21 15:11:26','text/plain','frucE41y'),(389,NULL,'','','{\"orderType\":\"PICKUP\",\"deliveryArea\":{\"zipCode\":\"\",\"city\":\"Soup Restaurant, Carcow, Poland\",\"deliveryCost\":\"\"},\"other\":{\"note\":\"\",\"cost\":0},\"flatDiscount\":0,\"tax\":\"6.76\",\"customerId\":null,\"deliveryTime\":\"Instant\",\"paymentMethod\":\"Cash\",\"name\":\"Walk in Customer\",\"street\":\"N\\/A\",\"phone\":\"N\\/A\",\"email\":\"N\\/A\",\"accessCode\":\"\",\"city\":\"N\\/A\",\"activeOffersIds\":[],\"discountCoupon\":null,\"stripe\":null,\"currency\":\"EURO\",\"items\":[{\"id\":197,\"name\":\"Sushi 2\",\"price\":\"123.00\",\"description\":\"desc\",\"categoryId\":\"64\",\"additions\":[],\"options\":[],\"option_price\":0,\"addition_price\":0,\"quantity\":1,\"total\":\"123.00\",\"note\":\"\"},{\"categoryId\":\"65\",\"name\":\"Soup\",\"image\":{\"title\":\"Soup\",\"url\":\"http:\\/\\/localhost:4000\\/uploads\\/images\\/87b61a379c14845330c11a4aa92d610e.webp\"},\"description\":\"Lorem Ipsum is simply dummy text of the printing and typesetting industry. Lorem Ipsum has been the industry\'s standard dummy text ever since the 1500s, when an unknown printer took a galley of type and scrambled it to make a type specimen book. It has survived not only five centuries, but also the leap into electronic typesetting, remaining essentially unchanged. It was popularised in the 1960s with the release of Letraset sheets containing Lorem Ipsum passages, and more recently with desktop publishing software like Aldus PageMaker including versions of Lorem Ipsum.\",\"price\":0,\"options\":[],\"additions\":[],\"id\":179,\"order\":200,\"quantity\":1,\"total\":0,\"productsTotal\":0,\"option_price\":0,\"addition_price\":0}],\"productsTotal\":\"123.00\",\"total\":\"110.70\",\"status\":\"pending\",\"orderFrom\":\"pos\",\"discountAmount\":\"12.30\",\"address\":\"N\\/A\"}','orders',1,0,'','2022-02-21 18:29:14','2022-02-21 18:29:14','text/plain','kRnHpxHI'),(390,NULL,'','','{\"orderType\":\"PICKUP\",\"deliveryArea\":{\"zipCode\":\"\",\"city\":\"Soup Restaurant, Carcow, Poland\",\"deliveryCost\":\"\"},\"other\":{\"note\":\"\",\"cost\":0},\"flatDiscount\":0,\"tax\":\"6.76\",\"customerId\":null,\"deliveryTime\":\"Instant\",\"paymentMethod\":\"Cash\",\"name\":\"Walk in Customer\",\"street\":\"N\\/A\",\"phone\":\"N\\/A\",\"email\":\"N\\/A\",\"accessCode\":\"\",\"city\":\"N\\/A\",\"activeOffersIds\":[],\"discountCoupon\":null,\"stripe\":null,\"currency\":\"EURO\",\"items\":[{\"id\":197,\"name\":\"Sushi 2\",\"price\":\"123.00\",\"description\":\"desc\",\"categoryId\":\"64\",\"additions\":[],\"options\":[],\"option_price\":0,\"addition_price\":0,\"quantity\":1,\"total\":\"123.00\",\"note\":\"\"},{\"categoryId\":\"65\",\"name\":\"Soup\",\"image\":{\"title\":\"Soup\",\"url\":\"http:\\/\\/localhost:4000\\/uploads\\/images\\/87b61a379c14845330c11a4aa92d610e.webp\"},\"description\":\"Lorem Ipsum is simply dummy text of the printing and typesetting industry. Lorem Ipsum has been the industry\'s standard dummy text ever since the 1500s, when an unknown printer took a galley of type and scrambled it to make a type specimen book. It has survived not only five centuries, but also the leap into electronic typesetting, remaining essentially unchanged. It was popularised in the 1960s with the release of Letraset sheets containing Lorem Ipsum passages, and more recently with desktop publishing software like Aldus PageMaker including versions of Lorem Ipsum.\",\"price\":0,\"options\":[],\"additions\":[],\"id\":179,\"order\":200,\"quantity\":1,\"total\":0,\"productsTotal\":0,\"option_price\":0,\"addition_price\":0}],\"productsTotal\":\"123.00\",\"total\":\"110.70\",\"status\":\"pending\",\"orderFrom\":\"pos\",\"discountAmount\":\"12.30\",\"address\":\"N\\/A\"}','orders',1,0,'','2022-02-21 18:33:42','2022-02-21 18:33:43','text/plain','hkdtqXiD'),(391,NULL,'','','{\"orderType\":\"PICKUP\",\"deliveryArea\":{\"zipCode\":\"\",\"city\":\"Soup Restaurant, Carcow, Poland\",\"deliveryCost\":\"\"},\"other\":{\"note\":\"\",\"cost\":0},\"flatDiscount\":0,\"tax\":\"6.76\",\"customerId\":null,\"deliveryTime\":\"Instant\",\"paymentMethod\":\"Cash\",\"name\":\"Walk in Customer\",\"street\":\"N\\/A\",\"phone\":\"N\\/A\",\"email\":\"N\\/A\",\"accessCode\":\"\",\"city\":\"N\\/A\",\"activeOffersIds\":[],\"discountCoupon\":null,\"stripe\":null,\"currency\":\"EURO\",\"items\":[{\"id\":197,\"name\":\"Sushi 2\",\"price\":\"123.00\",\"description\":\"desc\",\"categoryId\":\"64\",\"additions\":[],\"options\":[],\"option_price\":0,\"addition_price\":0,\"quantity\":1,\"total\":\"123.00\",\"note\":\"\"},{\"categoryId\":\"65\",\"name\":\"Soup\",\"image\":{\"title\":\"Soup\",\"url\":\"http:\\/\\/localhost:4000\\/uploads\\/images\\/87b61a379c14845330c11a4aa92d610e.webp\"},\"description\":\"Lorem Ipsum is simply dummy text of the printing and typesetting industry. Lorem Ipsum has been the industry\'s standard dummy text ever since the 1500s, when an unknown printer took a galley of type and scrambled it to make a type specimen book. It has survived not only five centuries, but also the leap into electronic typesetting, remaining essentially unchanged. It was popularised in the 1960s with the release of Letraset sheets containing Lorem Ipsum passages, and more recently with desktop publishing software like Aldus PageMaker including versions of Lorem Ipsum.\",\"price\":0,\"options\":[],\"additions\":[],\"id\":179,\"order\":200,\"quantity\":1,\"total\":0,\"productsTotal\":0,\"option_price\":0,\"addition_price\":0}],\"productsTotal\":\"123.00\",\"total\":\"110.70\",\"status\":\"pending\",\"orderFrom\":\"pos\",\"discountAmount\":\"12.30\",\"address\":\"N\\/A\"}','orders',1,0,'','2022-02-21 18:40:57','2022-02-21 18:40:57','text/plain','743esrBX'),(392,NULL,'','','{\"orderType\":\"PICKUP\",\"deliveryArea\":{\"zipCode\":\"\",\"city\":\"Sushitown, Narayanganj, Bangladesh\",\"deliveryCost\":\"\"},\"other\":{\"note\":\"\",\"cost\":0},\"flatDiscount\":0,\"tax\":\"6.76\",\"customerId\":null,\"deliveryTime\":\"Instant\",\"paymentMethod\":\"Cash\",\"name\":\"Walk in Customer\",\"street\":\"N\\/A\",\"phone\":\"N\\/A\",\"email\":\"N\\/A\",\"accessCode\":\"\",\"city\":\"N\\/A\",\"activeOffersIds\":[],\"discountCoupon\":null,\"stripe\":null,\"currency\":\"EURO\",\"items\":[{\"id\":197,\"name\":\"Sushi 2\",\"price\":\"123.00\",\"description\":\"desc\",\"categoryId\":\"64\",\"additions\":[],\"options\":[],\"option_price\":0,\"addition_price\":0,\"quantity\":1,\"total\":\"123.00\",\"note\":\"\"},{\"categoryId\":\"65\",\"name\":\"Soup\",\"image\":{\"title\":\"Soup\",\"url\":\"http:\\/\\/localhost:4000\\/uploads\\/images\\/87b61a379c14845330c11a4aa92d610e.webp\"},\"description\":\"Lorem Ipsum is simply dummy text of the printing and typesetting industry. Lorem Ipsum has been the industry\'s standard dummy text ever since the 1500s, when an unknown printer took a galley of type and scrambled it to make a type specimen book. It has survived not only five centuries, but also the leap into electronic typesetting, remaining essentially unchanged. It was popularised in the 1960s with the release of Letraset sheets containing Lorem Ipsum passages, and more recently with desktop publishing software like Aldus PageMaker including versions of Lorem Ipsum.\",\"price\":0,\"options\":[],\"additions\":[],\"id\":179,\"order\":200,\"quantity\":1,\"total\":0,\"productsTotal\":0,\"option_price\":0,\"addition_price\":0}],\"productsTotal\":\"123.00\",\"total\":\"110.70\",\"status\":\"pending\",\"orderFrom\":\"pos\",\"discountAmount\":\"12.30\",\"address\":\"N\\/A\"}','orders',1,0,'','2022-02-21 18:43:04','2022-02-21 18:43:04','text/plain','xGxpX3X2'),(393,NULL,'','','{\"orderType\":\"PICKUP\",\"deliveryArea\":{\"zipCode\":\"\",\"city\":\"Soup Restaurant, Carcow, Poland\",\"deliveryCost\":\"\"},\"other\":{\"note\":\"\",\"cost\":0},\"flatDiscount\":0,\"tax\":\"6.76\",\"customerId\":null,\"deliveryTime\":\"Instant\",\"paymentMethod\":\"Cash\",\"name\":\"Walk in Customer\",\"street\":\"N\\/A\",\"phone\":\"N\\/A\",\"email\":\"N\\/A\",\"accessCode\":\"\",\"city\":\"N\\/A\",\"activeOffersIds\":[],\"discountCoupon\":null,\"stripe\":null,\"currency\":\"EURO\",\"items\":[{\"id\":197,\"name\":\"Sushi 2\",\"price\":\"123.00\",\"description\":\"desc\",\"categoryId\":\"64\",\"additions\":[],\"options\":[],\"option_price\":0,\"addition_price\":0,\"quantity\":1,\"total\":\"123.00\",\"note\":\"\"},{\"categoryId\":\"65\",\"name\":\"Soup\",\"image\":{\"title\":\"Soup\",\"url\":\"http:\\/\\/localhost:4000\\/uploads\\/images\\/87b61a379c14845330c11a4aa92d610e.webp\"},\"description\":\"Lorem Ipsum is simply dummy text of the printing and typesetting industry. Lorem Ipsum has been the industry\'s standard dummy text ever since the 1500s, when an unknown printer took a galley of type and scrambled it to make a type specimen book. It has survived not only five centuries, but also the leap into electronic typesetting, remaining essentially unchanged. It was popularised in the 1960s with the release of Letraset sheets containing Lorem Ipsum passages, and more recently with desktop publishing software like Aldus PageMaker including versions of Lorem Ipsum.\",\"price\":0,\"options\":[],\"additions\":[],\"id\":179,\"order\":200,\"quantity\":1,\"total\":0,\"productsTotal\":0,\"option_price\":0,\"addition_price\":0}],\"productsTotal\":\"123.00\",\"total\":\"110.70\",\"status\":\"pending\",\"orderFrom\":\"pos\",\"discountAmount\":\"12.30\",\"address\":\"N\\/A\"}','orders',1,0,'','2022-02-21 18:44:24','2022-02-21 18:44:24','text/plain','9HYWaU0z'),(394,NULL,'','','{\"orderType\":\"PICKUP\",\"deliveryArea\":{\"zipCode\":\"\",\"city\":\"Soup Restaurant, Carcow, Poland\",\"deliveryCost\":\"\"},\"other\":{\"note\":\"\",\"cost\":0},\"flatDiscount\":0,\"tax\":\"9.37\",\"customerId\":null,\"deliveryTime\":\"Instant\",\"paymentMethod\":\"Cash\",\"name\":\"Walk in Customer\",\"street\":\"N\\/A\",\"phone\":\"N\\/A\",\"email\":\"N\\/A\",\"accessCode\":\"\",\"city\":\"N\\/A\",\"activeOffersIds\":[],\"discountCoupon\":null,\"stripe\":null,\"currency\":\"EURO\",\"items\":[{\"id\":197,\"name\":\"Sushi 2\",\"price\":\"123.00\",\"description\":\"desc\",\"categoryId\":\"64\",\"additions\":[],\"options\":[],\"option_price\":0,\"addition_price\":0,\"quantity\":1,\"total\":\"123.00\",\"note\":\"\"},{\"categoryId\":\"65\",\"name\":\"Soup\",\"image\":{\"title\":\"Soup\",\"url\":\"http:\\/\\/localhost:4000\\/uploads\\/images\\/87b61a379c14845330c11a4aa92d610e.webp\"},\"description\":\"Lorem Ipsum is simply dummy text of the printing and typesetting industry. Lorem Ipsum has been the industry\'s standard dummy text ever since the 1500s, when an unknown printer took a galley of type and scrambled it to make a type specimen book. It has survived not only five centuries, but also the leap into electronic typesetting, remaining essentially unchanged. It was popularised in the 1960s with the release of Letraset sheets containing Lorem Ipsum passages, and more recently with desktop publishing software like Aldus PageMaker including versions of Lorem Ipsum.\",\"price\":0,\"options\":[],\"additions\":[],\"id\":179,\"order\":200,\"quantity\":1,\"total\":0,\"productsTotal\":0,\"option_price\":0,\"addition_price\":0},{\"id\":240,\"name\":\"Sushi\",\"price\":\"10.70\",\"description\":\"description\",\"categoryId\":\"64\",\"additions\":[{\"name\":\"Chopsticks\",\"price\":2,\"id\":174}],\"options\":[{\"id\":176,\"name\":\"Size\",\"value\":{\"name\":\"Large\",\"price\":10,\"id\":3}},{\"id\":177,\"name\":\"Sauce\",\"value\":{\"name\":\"Tomato Sauce \",\"price\":1,\"id\":2}}],\"option_price\":11,\"addition_price\":2,\"quantity\":2,\"total\":\"47.40\",\"note\":\"\"}],\"productsTotal\":\"170.40\",\"total\":\"153.36\",\"status\":\"pending\",\"orderFrom\":\"pos\",\"discountAmount\":\"17.04\",\"address\":\"N\\/A\"}','orders',1,0,'','2022-02-21 18:50:06','2022-02-21 18:50:06','text/plain','a1BjgpYX'),(395,NULL,'','','{\"name\":\"Obayed Ur Rahman Opu\",\"email\":\"obayed.opu@gmail.com\",\"phone\":\"8801304461899\",\"street\":\"Noya Ati, Rosulbag, Siddhirganj, Narayanganj \",\"paymentMethod\":\"CASH\",\"orderType\":\"DELIVERY\",\"deliveryArea\":{\"zipCode\":\"1430\",\"city\":\"Narayanganj\",\"deliveryCost\":\"2\"},\"accessCode\":\"1234\",\"city\":\"1212\",\"activeOffersIds\":[182,198],\"discountCoupon\":null,\"stripe\":null,\"currency\":\"EURO\",\"items\":[{\"id\":308,\"name\":\"Sauce\",\"description\":\"g\",\"categoryId\":\"65\",\"additions\":[],\"options\":[{\"id\":176,\"name\":\"Size\",\"value\":{\"name\":\"Small\",\"price\":0,\"id\":1}}],\"price\":\"12.00\",\"addition_price\":\"0.00\",\"option_price\":\"0.00\",\"total\":\"12.00\",\"quantity\":1},{\"id\":179,\"name\":\"Soup\",\"description\":\"Lorem Ipsum is simply dummy text of the printing and typesetting industry. Lorem Ipsum has been the industry\'s standard dummy text ever since the 1500s, when an unknown printer took a galley of type and scrambled it to make a type specimen book. It has survived not only five centuries, but also the leap into electronic typesetting, remaining essentially unchanged. It was popularised in the 1960s with the release of Letraset sheets containing Lorem Ipsum passages, and more recently with desktop publishing software like Aldus PageMaker including versions of Lorem Ipsum.\",\"categoryId\":\"65\",\"price\":\"0.00\",\"addition_price\":\"0.00\",\"option_price\":\"0.00\",\"total\":\"0.00\",\"quantity\":1}],\"discountAmount\":\"1.20\",\"total\":12.8,\"tax\":\"0.66\",\"deliveryCost\":2,\"productsTotal\":\"12.00\",\"customerId\":null,\"orderFrom\":\"web\",\"status\":\"pending\"}','orders',1,0,'','2022-02-21 18:54:58','2022-02-21 18:55:06','text/plain','bSWwxau9'),(396,NULL,'','','{\"name\":\"Obayed Ur Rahman Opu\",\"email\":\"obayed.opu@gmail.com\",\"phone\":\"8801304461899\",\"street\":\"Noya Ati, Rosulbag, Siddhirganj, Narayanganj \",\"paymentMethod\":\"CASH\",\"orderType\":\"DELIVERY\",\"deliveryArea\":{\"zipCode\":\"1430\",\"city\":\"Narayanganj\",\"deliveryCost\":\"2\"},\"accessCode\":\"1234\",\"city\":\"1212\",\"activeOffersIds\":[182,198],\"discountCoupon\":null,\"stripe\":null,\"currency\":\"EURO\",\"items\":[{\"id\":197,\"name\":\"Sushi 2\",\"description\":\"desc\",\"categoryId\":\"64\",\"additions\":[],\"options\":[{\"id\":176,\"name\":\"Size\",\"value\":{\"name\":\"Small\",\"price\":0,\"id\":1}},{\"id\":177,\"name\":\"Sauce\",\"value\":{\"name\":\"Chili Sauce\",\"price\":1,\"id\":1}}],\"price\":\"123.00\",\"addition_price\":\"0.00\",\"option_price\":\"0.00\",\"total\":\"123.00\",\"quantity\":1},{\"id\":179,\"name\":\"Soup\",\"description\":\"Lorem Ipsum is simply dummy text of the printing and typesetting industry. Lorem Ipsum has been the industry\'s standard dummy text ever since the 1500s, when an unknown printer took a galley of type and scrambled it to make a type specimen book. It has survived not only five centuries, but also the leap into electronic typesetting, remaining essentially unchanged. It was popularised in the 1960s with the release of Letraset sheets containing Lorem Ipsum passages, and more recently with desktop publishing software like Aldus PageMaker including versions of Lorem Ipsum.\",\"categoryId\":\"65\",\"price\":\"0.00\",\"addition_price\":\"0.00\",\"option_price\":\"0.00\",\"total\":\"0.00\",\"quantity\":1}],\"discountAmount\":\"12.30\",\"total\":112.7,\"tax\":\"6.76\",\"deliveryCost\":2,\"productsTotal\":\"123.00\",\"customerId\":null,\"orderFrom\":\"web\",\"status\":\"pending\"}','orders',1,0,'','2022-02-21 19:00:34','2022-02-21 19:00:42','text/plain','iohdvzPV'),(397,NULL,'','','{\"orderType\":\"PICKUP\",\"deliveryArea\":{\"zipCode\":\"1240\",\"city\":\"Uttara\",\"deliveryCost\":\"1\"},\"other\":{\"note\":\"\",\"cost\":0},\"flatDiscount\":0,\"tax\":\"6.76\",\"customerId\":null,\"deliveryTime\":\"Instant\",\"paymentMethod\":\"Cash\",\"name\":\"New Customer\",\"street\":\"address\",\"phone\":\"0349389859\",\"email\":\"emailwma@example.com\",\"accessCode\":\"\",\"city\":\"N\\/A\",\"activeOffersIds\":[],\"discountCoupon\":null,\"stripe\":null,\"currency\":\"EURO\",\"items\":[{\"id\":197,\"name\":\"Sushi 2\",\"price\":\"123.00\",\"description\":\"desc\",\"categoryId\":\"64\",\"additions\":[],\"options\":[],\"option_price\":0,\"addition_price\":0,\"quantity\":1,\"total\":\"123.00\",\"note\":\"\"},{\"categoryId\":\"65\",\"name\":\"Soup\",\"image\":{\"title\":\"Soup\",\"url\":\"http:\\/\\/localhost:4000\\/uploads\\/images\\/87b61a379c14845330c11a4aa92d610e.webp\"},\"description\":\"Lorem Ipsum is simply dummy text of the printing and typesetting industry. Lorem Ipsum has been the industry\'s standard dummy text ever since the 1500s, when an unknown printer took a galley of type and scrambled it to make a type specimen book. It has survived not only five centuries, but also the leap into electronic typesetting, remaining essentially unchanged. It was popularised in the 1960s with the release of Letraset sheets containing Lorem Ipsum passages, and more recently with desktop publishing software like Aldus PageMaker including versions of Lorem Ipsum.\",\"price\":0,\"options\":[],\"additions\":[],\"id\":179,\"order\":200,\"quantity\":1,\"total\":0,\"productsTotal\":0,\"option_price\":0,\"addition_price\":0}],\"productsTotal\":\"123.00\",\"total\":\"111.70\",\"status\":\"pending\",\"orderFrom\":\"pos\",\"discountAmount\":\"12.30\"}','orders',1,0,'','2022-02-22 22:49:24','2022-02-22 22:49:24','text/plain','96XwSmnD'),(398,264,'','','{\"orderType\":\"PICKUP\",\"deliveryArea\":{\"zipCode\":\"1240\",\"city\":\"Uttara\",\"deliveryCost\":\"1\"},\"other\":{\"note\":\"\",\"cost\":0},\"flatDiscount\":0,\"tax\":\"6.76\",\"customerId\":\"264\",\"deliveryTime\":\"Instant\",\"paymentMethod\":\"Cash\",\"name\":\"Walk in New\",\"street\":\"address\",\"phone\":\"49589485948\",\"email\":\"akfjalks@example.com\",\"accessCode\":\"\",\"city\":\"N\\/A\",\"activeOffersIds\":[],\"discountCoupon\":null,\"stripe\":null,\"currency\":\"EURO\",\"items\":[{\"id\":197,\"name\":\"Sushi 2\",\"price\":\"123.00\",\"description\":\"desc\",\"categoryId\":\"64\",\"additions\":[],\"options\":[],\"option_price\":0,\"addition_price\":0,\"quantity\":1,\"total\":\"123.00\",\"note\":\"\"},{\"categoryId\":\"65\",\"name\":\"Soup\",\"image\":{\"title\":\"Soup\",\"url\":\"http:\\/\\/localhost:4000\\/uploads\\/images\\/87b61a379c14845330c11a4aa92d610e.webp\"},\"description\":\"Lorem Ipsum is simply dummy text of the printing and typesetting industry. Lorem Ipsum has been the industry\'s standard dummy text ever since the 1500s, when an unknown printer took a galley of type and scrambled it to make a type specimen book. It has survived not only five centuries, but also the leap into electronic typesetting, remaining essentially unchanged. It was popularised in the 1960s with the release of Letraset sheets containing Lorem Ipsum passages, and more recently with desktop publishing software like Aldus PageMaker including versions of Lorem Ipsum.\",\"price\":0,\"options\":[],\"additions\":[],\"id\":179,\"order\":200,\"quantity\":1,\"total\":0,\"productsTotal\":0,\"option_price\":0,\"addition_price\":0}],\"productsTotal\":\"123.00\",\"total\":\"111.70\",\"status\":\"pending\",\"orderFrom\":\"pos\",\"discountAmount\":\"12.30\"}','orders',1,0,'','2022-02-22 22:55:38','2022-02-22 22:55:38','text/plain','gH6tVH2W'),(399,265,'','','{\"orderType\":\"PICKUP\",\"deliveryArea\":{\"zipCode\":\"1430\",\"city\":\"Narayanganj\",\"deliveryCost\":\"2\"},\"other\":{\"note\":\"\",\"cost\":0},\"flatDiscount\":0,\"tax\":\"6.76\",\"customerId\":\"265\",\"deliveryTime\":\"Instant\",\"paymentMethod\":\"Cash+Card\",\"name\":\"Walk in XYDa\",\"street\":\"dklsjf klsdjfk\",\"phone\":\"3534578475\",\"email\":\"ekljfkljksfj@example.com\",\"accessCode\":\"\",\"city\":\"N\\/A\",\"activeOffersIds\":[],\"discountCoupon\":null,\"stripe\":null,\"currency\":\"EURO\",\"items\":[{\"id\":197,\"name\":\"Sushi 2\",\"price\":\"123.00\",\"description\":\"desc\",\"categoryId\":\"64\",\"additions\":[],\"options\":[],\"option_price\":0,\"addition_price\":0,\"quantity\":1,\"total\":\"123.00\",\"note\":\"\"},{\"categoryId\":\"65\",\"name\":\"Soup\",\"image\":{\"title\":\"Soup\",\"url\":\"http:\\/\\/localhost:4000\\/uploads\\/images\\/87b61a379c14845330c11a4aa92d610e.webp\"},\"description\":\"Lorem Ipsum is simply dummy text of the printing and typesetting industry. Lorem Ipsum has been the industry\'s standard dummy text ever since the 1500s, when an unknown printer took a galley of type and scrambled it to make a type specimen book. It has survived not only five centuries, but also the leap into electronic typesetting, remaining essentially unchanged. It was popularised in the 1960s with the release of Letraset sheets containing Lorem Ipsum passages, and more recently with desktop publishing software like Aldus PageMaker including versions of Lorem Ipsum.\",\"price\":0,\"options\":[],\"additions\":[],\"id\":179,\"order\":200,\"quantity\":1,\"total\":0,\"productsTotal\":0,\"option_price\":0,\"addition_price\":0}],\"productsTotal\":\"123.00\",\"total\":\"112.70\",\"status\":\"pending\",\"orderFrom\":\"pos\",\"discountAmount\":\"12.30\",\"userType\":\"new\"}','orders',1,0,'','2022-02-22 23:01:26','2022-02-22 23:01:26','text/plain','etFnD1Ie'),(400,266,'','','{\"orderType\":\"PICKUP\",\"deliveryArea\":{\"zipCode\":\"1430\",\"city\":\"Narayanganj\",\"deliveryCost\":\"2\"},\"other\":{\"note\":\"\",\"cost\":0},\"flatDiscount\":0,\"tax\":\"7.35\",\"customerId\":\"266\",\"deliveryTime\":\"Instant\",\"paymentMethod\":\"Cash+Card\",\"name\":\"Walk in fgisgjioffgio\",\"street\":\"address goes here\",\"phone\":\"6456546564\",\"email\":\"asfjklas@example.com\",\"accessCode\":\"\",\"city\":\"N\\/A\",\"activeOffersIds\":[],\"discountCoupon\":null,\"stripe\":null,\"currency\":\"EURO\",\"items\":[{\"id\":197,\"name\":\"Sushi 2\",\"price\":\"123.00\",\"description\":\"desc\",\"categoryId\":\"64\",\"additions\":[],\"options\":[],\"option_price\":0,\"addition_price\":0,\"quantity\":1,\"total\":\"123.00\",\"note\":\"\"},{\"categoryId\":\"65\",\"name\":\"Soup\",\"image\":{\"title\":\"Soup\",\"url\":\"http:\\/\\/localhost:4000\\/uploads\\/images\\/87b61a379c14845330c11a4aa92d610e.webp\"},\"description\":\"Lorem Ipsum is simply dummy text of the printing and typesetting industry. Lorem Ipsum has been the industry\'s standard dummy text ever since the 1500s, when an unknown printer took a galley of type and scrambled it to make a type specimen book. It has survived not only five centuries, but also the leap into electronic typesetting, remaining essentially unchanged. It was popularised in the 1960s with the release of Letraset sheets containing Lorem Ipsum passages, and more recently with desktop publishing software like Aldus PageMaker including versions of Lorem Ipsum.\",\"price\":0,\"options\":[],\"additions\":[],\"id\":179,\"order\":200,\"quantity\":1,\"total\":0,\"productsTotal\":0,\"option_price\":0,\"addition_price\":0},{\"id\":240,\"name\":\"Sushi\",\"price\":\"10.70\",\"description\":\"description\",\"categoryId\":\"64\",\"additions\":[],\"options\":[],\"option_price\":0,\"addition_price\":0,\"quantity\":1,\"total\":\"10.70\",\"note\":\"\"}],\"productsTotal\":\"133.70\",\"total\":\"122.33\",\"status\":\"pending\",\"orderFrom\":\"pos\",\"discountAmount\":\"13.37\",\"userType\":\"new\"}','orders',1,0,'','2022-02-22 23:25:05','2022-02-22 23:25:06','text/plain','mgankfFn'),(401,267,'','','{\"orderType\":\"PICKUP\",\"deliveryArea\":{\"zipCode\":\"1430\",\"city\":\"Narayanganj\",\"deliveryCost\":\"2\"},\"other\":{\"note\":\"\",\"cost\":0},\"flatDiscount\":0,\"tax\":\"6.76\",\"customerId\":\"267\",\"deliveryTime\":\"Instant\",\"paymentMethod\":\"Cash\",\"name\":\"Walk in fdfadfadf\",\"street\":\"lng address\",\"phone\":\"545656745\",\"email\":\"dhfhdfhd@example.com\",\"accessCode\":\"\",\"city\":\"N\\/A\",\"activeOffersIds\":[],\"discountCoupon\":null,\"stripe\":null,\"currency\":\"EURO\",\"items\":[{\"id\":197,\"name\":\"Sushi 2\",\"price\":\"123.00\",\"description\":\"desc\",\"categoryId\":\"64\",\"additions\":[],\"options\":[],\"option_price\":0,\"addition_price\":0,\"quantity\":1,\"total\":\"123.00\",\"note\":\"\"},{\"categoryId\":\"65\",\"name\":\"Soup\",\"image\":{\"title\":\"Soup\",\"url\":\"http:\\/\\/localhost:4000\\/uploads\\/images\\/87b61a379c14845330c11a4aa92d610e.webp\"},\"description\":\"Lorem Ipsum is simply dummy text of the printing and typesetting industry. Lorem Ipsum has been the industry\'s standard dummy text ever since the 1500s, when an unknown printer took a galley of type and scrambled it to make a type specimen book. It has survived not only five centuries, but also the leap into electronic typesetting, remaining essentially unchanged. It was popularised in the 1960s with the release of Letraset sheets containing Lorem Ipsum passages, and more recently with desktop publishing software like Aldus PageMaker including versions of Lorem Ipsum.\",\"price\":0,\"options\":[],\"additions\":[],\"id\":179,\"order\":200,\"quantity\":1,\"total\":0,\"productsTotal\":0,\"option_price\":0,\"addition_price\":0}],\"productsTotal\":\"123.00\",\"total\":\"112.70\",\"status\":\"pending\",\"orderFrom\":\"pos\",\"discountAmount\":\"12.30\",\"userType\":\"new\"}','orders',1,0,'','2022-02-22 23:29:32','2022-02-22 23:29:32','text/plain','5nHIGjVQ'),(402,253,'','','{\"orderType\":\"PICKUP\",\"deliveryArea\":{\"zipCode\":\"1430\",\"city\":\"Narayanganj\",\"deliveryCost\":\"2\"},\"other\":{\"note\":\"\",\"cost\":0},\"flatDiscount\":0,\"tax\":\"6.76\",\"customerId\":253,\"deliveryTime\":\"Instant\",\"paymentMethod\":\"Cash\",\"name\":\"Street User\",\"street\":\"address goes here\",\"phone\":\"343435454\",\"email\":\"34343@example.com\",\"accessCode\":\"\",\"city\":\"N\\/A\",\"activeOffersIds\":[],\"discountCoupon\":null,\"stripe\":null,\"currency\":\"EURO\",\"items\":[{\"id\":197,\"name\":\"Sushi 2\",\"price\":\"123.00\",\"description\":\"desc\",\"categoryId\":\"64\",\"additions\":[],\"options\":[],\"option_price\":0,\"addition_price\":0,\"quantity\":1,\"total\":\"123.00\",\"note\":\"\"},{\"categoryId\":\"65\",\"name\":\"Soup\",\"image\":{\"title\":\"Soup\",\"url\":\"http:\\/\\/localhost:4000\\/uploads\\/images\\/87b61a379c14845330c11a4aa92d610e.webp\"},\"description\":\"Lorem Ipsum is simply dummy text of the printing and typesetting industry. Lorem Ipsum has been the industry\'s standard dummy text ever since the 1500s, when an unknown printer took a galley of type and scrambled it to make a type specimen book. It has survived not only five centuries, but also the leap into electronic typesetting, remaining essentially unchanged. It was popularised in the 1960s with the release of Letraset sheets containing Lorem Ipsum passages, and more recently with desktop publishing software like Aldus PageMaker including versions of Lorem Ipsum.\",\"price\":0,\"options\":[],\"additions\":[],\"id\":179,\"order\":200,\"quantity\":1,\"total\":0,\"productsTotal\":0,\"option_price\":0,\"addition_price\":0}],\"productsTotal\":\"123.00\",\"total\":\"112.70\",\"status\":\"pending\",\"orderFrom\":\"pos\",\"discountAmount\":\"12.30\",\"userType\":\"existing\"}','orders',1,0,'','2022-02-22 23:32:12','2022-02-22 23:32:12','text/plain','acfXKnC2'),(403,268,'','','{\"orderType\":\"PICKUP\",\"deliveryArea\":{\"zipCode\":\"1430\",\"city\":\"Narayanganj\",\"deliveryCost\":\"2\"},\"other\":{\"note\":\"\",\"cost\":0},\"flatDiscount\":0,\"tax\":\"6.76\",\"customerId\":\"268\",\"deliveryTime\":\"Instant\",\"paymentMethod\":\"Cash\",\"name\":\"Long user\",\"street\":\"falkdfjlkdjf\",\"phone\":\"4546465\",\"email\":\"fklasdjflkajlkf@kfajsldfk.com\",\"accessCode\":\"\",\"city\":\"N\\/A\",\"activeOffersIds\":[],\"discountCoupon\":null,\"stripe\":null,\"currency\":\"EURO\",\"items\":[{\"id\":197,\"name\":\"Sushi 2\",\"price\":\"123.00\",\"description\":\"desc\",\"categoryId\":\"64\",\"additions\":[],\"options\":[],\"option_price\":0,\"addition_price\":0,\"quantity\":1,\"total\":\"123.00\",\"note\":\"\"},{\"categoryId\":\"65\",\"name\":\"Soup\",\"image\":{\"title\":\"Soup\",\"url\":\"http:\\/\\/localhost:4000\\/uploads\\/images\\/87b61a379c14845330c11a4aa92d610e.webp\"},\"description\":\"Lorem Ipsum is simply dummy text of the printing and typesetting industry. Lorem Ipsum has been the industry\'s standard dummy text ever since the 1500s, when an unknown printer took a galley of type and scrambled it to make a type specimen book. It has survived not only five centuries, but also the leap into electronic typesetting, remaining essentially unchanged. It was popularised in the 1960s with the release of Letraset sheets containing Lorem Ipsum passages, and more recently with desktop publishing software like Aldus PageMaker including versions of Lorem Ipsum.\",\"price\":0,\"options\":[],\"additions\":[],\"id\":179,\"order\":200,\"quantity\":1,\"total\":0,\"productsTotal\":0,\"option_price\":0,\"addition_price\":0}],\"productsTotal\":\"123.00\",\"total\":\"112.70\",\"status\":\"pending\",\"orderFrom\":\"pos\",\"discountAmount\":\"12.30\",\"userType\":\"new\"}','orders',1,0,'','2022-02-22 23:33:00','2022-02-22 23:33:00','text/plain','b38JKAA7'),(404,NULL,'','','{\"name\":\"Obayed Ur Rahman Opu\",\"email\":\"obayed.opu@gmail.com\",\"phone\":\"8801304461899\",\"street\":\"Noya Ati, Rosulbag, Siddhirganj, Narayanganj \",\"paymentMethod\":\"CASH\",\"orderType\":\"PICKUP\",\"deliveryArea\":{\"zipCode\":\"N\\/A\",\"city\":\"Soup Restaurant, St John 21\\/52, Carcow, Poland\",\"deliveryCost\":\"0\"},\"accessCode\":\"1234\",\"city\":\"1212\",\"activeOffersIds\":[182,198],\"discountCoupon\":null,\"stripe\":null,\"currency\":\"EURO\",\"items\":[{\"id\":197,\"name\":\"Sushi 2\",\"description\":\"desc\",\"categoryId\":\"64\",\"additions\":[],\"options\":[{\"id\":176,\"name\":\"Size\",\"value\":{\"name\":\"Small\",\"price\":0,\"id\":1}},{\"id\":177,\"name\":\"Sauce\",\"value\":{\"name\":\"Chili Sauce\",\"price\":1,\"id\":1}}],\"price\":\"123.00\",\"addition_price\":\"0.00\",\"option_price\":\"0.00\",\"total\":\"123.00\",\"quantity\":1},{\"id\":179,\"name\":\"Soup\",\"description\":\"Lorem Ipsum is simply dummy text of the printing and typesetting industry. Lorem Ipsum has been the industry\'s standard dummy text ever since the 1500s, when an unknown printer took a galley of type and scrambled it to make a type specimen book. It has survived not only five centuries, but also the leap into electronic typesetting, remaining essentially unchanged. It was popularised in the 1960s with the release of Letraset sheets containing Lorem Ipsum passages, and more recently with desktop publishing software like Aldus PageMaker including versions of Lorem Ipsum.\",\"categoryId\":\"65\",\"price\":\"0.00\",\"addition_price\":\"0.00\",\"option_price\":\"0.00\",\"total\":\"0.00\",\"quantity\":1}],\"discountAmount\":\"12.30\",\"total\":110.7,\"tax\":\"6.76\",\"deliveryCost\":0,\"productsTotal\":\"123.00\",\"customerId\":null,\"orderFrom\":\"web\",\"status\":\"pending\"}','orders',1,0,'','2022-02-23 20:13:08','2022-02-23 20:13:18','text/plain','f8qF3Ftf'),(405,NULL,'','','{\"orderType\":\"PICKUP\",\"deliveryArea\":{\"zipCode\":\"N\\/A\",\"city\":\"Soup Restaurant, St John 21\\/52, Carcow, Poland\",\"deliveryCost\":\"0\"},\"deliveryTime\":{\"name\":\"01:00 PM to 02:00 PM\",\"value\":0,\"startTime\":\"13:00\",\"endTime\":\"14:00\",\"maxOrder\":\"20\"},\"paymentMethod\":\"CASH\",\"name\":\"Obayed Ur Rahman\",\"phone\":\"8801304461899\",\"email\":\"obayed.opu@gmail.com\",\"activeOffersIds\":[182,198],\"discountCoupon\":null,\"stripe\":null,\"currency\":\"EURO\",\"items\":[{\"id\":197,\"name\":\"Sushi 2\",\"description\":\"desc\",\"categoryId\":\"64\",\"additions\":[],\"options\":[{\"id\":176,\"name\":\"Size\",\"value\":{\"name\":\"Small\",\"price\":0,\"id\":1}},{\"id\":177,\"name\":\"Sauce\",\"value\":{\"name\":\"Chili Sauce\",\"price\":1,\"id\":1}}],\"price\":\"123.00\",\"addition_price\":\"0.00\",\"option_price\":\"0.00\",\"total\":\"123.00\",\"quantity\":1},{\"id\":179,\"name\":\"Soup\",\"description\":\"Lorem Ipsum is simply dummy text of the printing and typesetting industry. Lorem Ipsum has been the industry\'s standard dummy text ever since the 1500s, when an unknown printer took a galley of type and scrambled it to make a type specimen book. It has survived not only five centuries, but also the leap into electronic typesetting, remaining essentially unchanged. It was popularised in the 1960s with the release of Letraset sheets containing Lorem Ipsum passages, and more recently with desktop publishing software like Aldus PageMaker including versions of Lorem Ipsum.\",\"categoryId\":\"65\",\"price\":\"0.00\",\"addition_price\":\"0.00\",\"option_price\":\"0.00\",\"total\":\"0.00\",\"quantity\":1}],\"discountAmount\":\"12.30\",\"total\":110.7,\"tax\":\"6.76\",\"deliveryCost\":0,\"productsTotal\":\"123.00\",\"customerId\":null,\"orderFrom\":\"web\",\"status\":\"pending\"}','orders',1,0,'','2022-02-23 20:15:25','2022-02-23 20:15:33','text/plain','cOEx5Xe0'),(406,244,'','','{\"orderType\":\"DELIVERY\",\"deliveryArea\":{\"zipCode\":\"1430\",\"city\":\"Narayanganj\",\"deliveryCost\":\"2\"},\"deliveryTime\":{\"name\":\"01:00 PM to 02:00 PM\",\"value\":0,\"startTime\":\"13:00\",\"endTime\":\"14:00\",\"maxOrder\":\"20\"},\"paymentMethod\":\"CASH\",\"name\":\"Obayed Ur Rahman Opu\",\"phone\":\"8801304461899\",\"email\":\"obayed.opu@gmail.com\",\"street\":\"Noya Ati, Rosulbag, Siddhirganj, Narayanganj \",\"activeOffersIds\":[182,198,219],\"discountCoupon\":null,\"stripe\":null,\"currency\":\"EURO\",\"items\":[{\"id\":179,\"name\":\"Soup\",\"description\":\"Lorem Ipsum is simply dummy text of the printing and typesetting industry. Lorem Ipsum has been the industry\'s standard dummy text ever since the 1500s, when an unknown printer took a galley of type and scrambled it to make a type specimen book. It has survived not only five centuries, but also the leap into electronic typesetting, remaining essentially unchanged. It was popularised in the 1960s with the release of Letraset sheets containing Lorem Ipsum passages, and more recently with desktop publishing software like Aldus PageMaker including versions of Lorem Ipsum.\",\"categoryId\":\"65\",\"additions\":[],\"options\":[{\"id\":176,\"name\":\"Size\",\"value\":{\"name\":\"Small\",\"price\":0,\"id\":1}}],\"price\":\"10.00\",\"addition_price\":\"0.00\",\"option_price\":\"0.00\",\"total\":\"10.00\",\"quantity\":1},{\"id\":179,\"name\":\"Soup\",\"description\":\"Lorem Ipsum is simply dummy text of the printing and typesetting industry. Lorem Ipsum has been the industry\'s standard dummy text ever since the 1500s, when an unknown printer took a galley of type and scrambled it to make a type specimen book. It has survived not only five centuries, but also the leap into electronic typesetting, remaining essentially unchanged. It was popularised in the 1960s with the release of Letraset sheets containing Lorem Ipsum passages, and more recently with desktop publishing software like Aldus PageMaker including versions of Lorem Ipsum.\",\"categoryId\":\"65\",\"price\":\"0.00\",\"addition_price\":\"0.00\",\"option_price\":\"0.00\",\"total\":\"0.00\",\"quantity\":1}],\"discountAmount\":\"1.90\",\"total\":10.1,\"tax\":\"0.55\",\"deliveryCost\":2,\"productsTotal\":\"10.00\",\"customerId\":244,\"orderFrom\":\"web\",\"status\":\"pending\"}','orders',1,0,'','2022-02-23 20:25:10','2022-02-23 20:25:20','text/plain','4EcxfCnG'),(407,240,'Screen','{\"title\":\"\",\"url\":\"cc08e1e646ac54b414c71dd919d3418a.webp\"}','5.55','additions',1,0,'screen','2022-02-24 13:28:32','2022-02-24 13:28:32','text/plain','catY2IMB');
/*!40000 ALTER TABLE `posts` ENABLE KEYS */;
UNLOCK TABLES;

--
-- Table structure for table `sessions`
--

DROP TABLE IF EXISTS `sessions`;
/*!40101 SET @saved_cs_client     = @@character_set_client */;
/*!40101 SET character_set_client = utf8 */;
CREATE TABLE `sessions` (
  `id` int(25) NOT NULL AUTO_INCREMENT,
  `user_id` int(25) NOT NULL,
  `token` varchar(255) NOT NULL,
  `datetime` datetime NOT NULL,
  PRIMARY KEY (`id`),
  UNIQUE KEY `token` (`token`),
  KEY `user_id` (`user_id`),
  CONSTRAINT `sessions_ibfk_1` FOREIGN KEY (`user_id`) REFERENCES `users` (`id`) ON DELETE CASCADE ON UPDATE CASCADE
) ENGINE=InnoDB AUTO_INCREMENT=198 DEFAULT CHARSET=utf8mb4;
/*!40101 SET character_set_client = @saved_cs_client */;

--
-- Dumping data for table `sessions`
--

LOCK TABLES `sessions` WRITE;
/*!40000 ALTER TABLE `sessions` DISABLE KEYS */;
INSERT INTO `sessions` VALUES (161,240,'28e45d61961dc6108837050d3cce5ee859aba759','2022-01-18 21:48:50'),(162,240,'686d78378d3b8d139d2bbbd9150162ac86964169','2022-01-18 21:59:00'),(163,240,'07807b1235d8350c555c61b2d7de0b06cce7f3e9','2022-01-19 17:04:07'),(164,240,'142f04e8bcd87977fbf2761ccc82410bfbff51d3','2022-01-31 23:48:45'),(165,240,'6571732bafea678644773e55d9bdbcb6a450c3a0','2022-02-03 21:52:23'),(166,244,'bccc928341e6414f65618a4872bec29fcffadb70','2022-02-09 16:43:52'),(167,244,'6f4ce6d321fdb358243f670bbf0ff13f218beb53','2022-02-09 16:44:24'),(168,244,'805f862b03fa434face806faf4a638810c146649','2022-02-09 17:16:01'),(169,244,'3375e15b102bfee7f1ecf9ffc43a2005784e66dc','2022-02-09 17:50:36'),(170,240,'3c2e39691470a4aae5a80512f22ce5bbb4a60917','2022-02-09 17:56:20'),(171,240,'3051a55b8ce8c57d1534bd8474808b93e28af0a2','2022-02-10 15:52:45'),(172,240,'5e84486663d65d7729aa6e10bffe759fc2904773','2022-02-10 19:54:37'),(173,244,'89c22d7b67fb611a36fe2a60ad29218fd2e58c0c','2022-02-12 19:03:32'),(174,244,'cc4806401cb3859a6dc8a4b43c46518c1e638810','2022-02-14 19:08:20'),(175,244,'ee625e713b43000c9ff6e59b62819fabff166209','2022-02-16 23:09:48'),(176,244,'84d5c906495a04aa92670fe5f899883de4e0135e','2022-02-17 17:02:26'),(177,244,'8445b607f50e6582b7b5413c8129154a53cca0ab','2022-02-17 17:25:37'),(178,244,'fe96b5b239377ac7596e0c988cc095a5515a0064','2022-02-17 17:30:41'),(179,244,'e3ef241bcdc7fb56615620d85fbc13191af8f780','2022-02-17 17:40:34'),(180,244,'034223976cc968a4b5d133f04ab89e0b866ffc2a','2022-02-17 17:40:53'),(181,240,'5bcfce3fe559d53316f46b5e85d9d16b5f936c62','2022-02-17 17:41:19'),(182,240,'b0335ad5ab665469d8293b9d93400e7015146b93','2022-02-17 17:42:42'),(183,244,'e68852684b79f928c9ed1abb183cf54919151d3b','2022-02-17 17:48:32'),(184,240,'584b0ed1d47cf677a9da548ad2d97a0deba80355','2022-02-17 19:07:03'),(185,240,'474f4105fa1ec6e5a19dfc22494e5ec00fa3a3b4','2022-02-17 19:10:02'),(186,244,'ec86809beb1991d560aede31f2dbdda1a3f3fc65','2022-02-17 19:32:57'),(187,244,'e850621d6b342a0c1696e72b8a270690ee7320a4','2022-02-17 21:53:21'),(188,244,'80bba2b320f006a232442f8751d4cd1cd323a04c','2022-02-17 23:20:29'),(189,240,'01e4f6401842daca3092d41b6ee74b4214bf38b3','2022-02-17 23:38:50'),(190,244,'4c7ad88542f25c71ae32c60be31b525d05cbb9ac','2022-02-18 16:21:31'),(191,244,'24dc3286421f87d5176073f01177fc450a92cce7','2022-02-18 16:46:14'),(192,244,'1ab44b6d7986e1255bbed88e235a277a542ff7c5','2022-02-18 16:53:22'),(193,244,'972b049c0de21e4f40f5c440022324eb03684382','2022-02-18 17:39:14'),(194,240,'4bed4df2802ed4ef83f0c041b3d6f2df57a125e9','2022-02-18 17:46:02'),(195,240,'5e83cbb94a135c8de90f080dd0bf6653f44c1f28','2022-02-18 21:38:00'),(196,244,'a6782cf4359e636e004b7d3f80ff7ee1ef5fdb40','2022-02-20 22:42:50'),(197,244,'2db438a91a0adcb2421b0b7be95eab2ba248ab90','2022-02-23 20:19:14');
/*!40000 ALTER TABLE `sessions` ENABLE KEYS */;
UNLOCK TABLES;

--
-- Table structure for table `settings`
--

DROP TABLE IF EXISTS `settings`;
/*!40101 SET @saved_cs_client     = @@character_set_client */;
/*!40101 SET character_set_client = utf8 */;
CREATE TABLE `settings` (
  `id` int(10) NOT NULL AUTO_INCREMENT,
  `setting_key` varchar(100) NOT NULL,
  `setting_value` text DEFAULT NULL,
  `datetime` datetime NOT NULL,
  PRIMARY KEY (`id`),
  UNIQUE KEY `setting_key` (`setting_key`)
) ENGINE=InnoDB AUTO_INCREMENT=107 DEFAULT CHARSET=utf8mb4;
/*!40101 SET character_set_client = @saved_cs_client */;

--
-- Dumping data for table `settings`
--

LOCK TABLES `settings` WRITE;
/*!40000 ALTER TABLE `settings` DISABLE KEYS */;
INSERT INTO `settings` VALUES (75,'theme_footer_type','Simple','2022-02-01 21:50:40'),(76,'theme_footer_logo','6ef5c4c577a687529f80d2a6950ed7d5.png','2022-02-01 21:50:40'),(77,'theme_header_logo_light','4747f9560e6bbd903fb073668dd08804.png','2022-02-01 21:50:40'),(78,'theme_header_logo_dark','75f9529d5980ebff310a68ce138b558b.png','2022-02-01 21:50:41'),(79,'theme_header_logo_style','HORIZONTAL','2022-02-01 21:50:41'),(80,'theme_header_logo_background','DARK','2022-02-01 21:50:41'),(81,'theme_theme_inverted','1','2022-02-01 21:50:41'),(82,'theme_theme_body_padded','','2022-02-01 21:50:41'),(83,'theme_theme_color','#e98572','2022-02-01 21:50:41'),(84,'settings_address','{\"street\":\"Street address\",\"city\":\"City\",\"contry\":\"Country\"}','2022-02-11 18:05:22'),(85,'settings_phone','+123456890','2022-02-11 18:05:23'),(86,'settings_email','hello@example.com','2022-02-11 18:05:23'),(87,'settings_currency','EURO','2022-02-11 18:05:23'),(88,'settings_currency_symbol','€','2022-02-11 18:05:23'),(89,'settings_delivery_areas','[{\"zipCode\":\"1430\",\"city\":\"Narayanganj\",\"deliveryCost\":\"2\"},{\"zipCode\":\"1200\",\"city\":\"Dhaka\",\"deliveryCost\":\"1\"},{\"zipCode\":\"1240\",\"city\":\"Uttara\",\"deliveryCost\":\"1\"}]','2022-02-11 18:05:23'),(90,'settings_delivery_time_options','[{\"name\":\"01:00 PM to 02:00 PM\",\"value\":0,\"startTime\":\"13:00\",\"endTime\":\"14:00\",\"maxOrder\":\"20\"},{\"name\":\"02:00 PM to 03:00 PM\",\"value\":1,\"startTime\":\"14:00\",\"endTime\":\"15:00\",\"maxOrder\":\"20\"},{\"name\":\"03:00 PM to 04:00 PM\",\"value\":2,\"startTime\":\"15:00\",\"endTime\":\"16:00\",\"maxOrder\":\"20\"},{\"name\":\"04:00 PM to 05:00 PM\",\"startTime\":\"16:00\",\"endTime\":\"17:00\",\"maxOrder\":\"20\"},{\"startTime\":\"22:00\",\"endTime\":\"01:00\",\"name\":\"10:00 PM to 01:00 PM\",\"maxOrder\":\"20\"},{\"startTime\":\"00:00\",\"endTime\":\"01:00\",\"name\":\"12:00 AM to 12:00 PM \",\"maxOrder\":\"20\"}]','2022-02-11 18:05:24'),(91,'settings_is_open','1','2022-02-11 18:05:24'),(92,'settings_minimum_cart_value','1','2022-02-11 18:05:24'),(93,'settings_open_hours','[{\"days\":[0],\"openHour\":\"12:00\",\"closeHour\":\"22:00\"},{\"days\":[1,2,3,4,5],\"openHour\":\"8:00\",\"closeHour\":\"20:00\"},{\"days\":[6],\"openHour\":\"12:00\",\"closeHour\":\"24:00\"}]','2022-02-11 18:05:24'),(94,'settings_social_media','[{\"type\":\"facebook\",\"url\":\"#\"},{\"type\":\"google\",\"url\":\"#\"},{\"type\":\"twitter\",\"url\":\"#\"},{\"type\":\"instagram\",\"url\":\"#\"},{\"type\":\"linkedin\",\"url\":\"#\"}]','2022-02-11 18:05:25'),(95,'settings_menu_default_view','/menu-grid-navigation','2022-02-11 18:05:25'),(96,'settings_navigation','[{\"name\":\"Home\",\"path\":\"\\/\"},{\"name\":\"Menu\",\"path\":\"\\/menu-grid-navigation\"},{\"name\":\"Offers\",\"path\":\"\\/offers\"},{\"name\":\"Contact\",\"path\":\"\\/contact\"}]','2022-02-11 18:05:25'),(97,'settings_meta','{\"title\":\"iWebDesigner\",\"description\":\"Built with JaraCMS by iWebDesigner\",\"keywords\":\"Restaurant, Sushi\"}','2022-02-11 18:05:25'),(102,'page_home','{\"pageTitle\":null,\"sections\":[{\"name\":\"HeroCentered\",\"props\":{\"media\":{\"type\":\"video\",\"source\":{\"title\":\"Video Title\",\"url\":\"16be02939b89882fda85f7ce10f0bdee.mp4\"}},\"logo\":\"\",\"title\":\"Meilleur Sushi & Poke\",\"tagline\":\"Use it with your next order!\",\"link\":{\"title\":\"Check our menu\",\"slug\":\"\\/menu-grid-navigation\"}}},{\"name\":\"ImageEdge\",\"props\":{\"content\":{\"rate\":4,\"title\":\"The best food in London!\",\"description\":\"Donec a eros metus. Vivamus volutpat leo dictum risus ullamcorper condimentum. Cras sollicitudin varius condimentum. Praesent a dolor sem....\",\"reviews\":[{\"content\":\"It\\u2019 was amazing feeling for may belly!\",\"rate\":4,\"source\":\"Booking\",\"author\":{\"name\":\"Mark Johnson\",\"thumbnail\":{\"title\":\"Image Title\",\"url\":\"601fb7d7b49d58478251069a6e6a503d.webp\"}}},{\"content\":\"Great food and great atmosphere!\",\"rate\":5,\"source\":\"Facebook\",\"author\":{\"name\":\"Kate Hudson\",\"thumbnail\":{\"title\":\"Image Title\",\"url\":\"8fcdbeaa9401bba81249daa07e867c71.webp\"}}}]},\"image\":{\"title\":\"Image Title\",\"url\":\"e32594fa8b574e375fc0bc10d0729f31.webp\"},\"reverse\":true}},{\"name\":\"Features\",\"props\":{\"theme\":\"dark\",\"bg\":\"dark\",\"items\":[{\"title\":\"Pick a dish\",\"description\":\"Vivamus volutpat leo dictum risus ullamcorper condimentum.\",\"icon\":\"shopping-cart\"},{\"title\":\"Make a payment\",\"description\":\"Vivamus volutpat leo dictum risus ullamcorper condimentum.\",\"icon\":\"wallet\"},{\"title\":\"Recieve your food!\",\"description\":\"Vivamus volutpat leo dictum risus ullamcorper condimentum.\",\"icon\":\"package\"}],\"extend\":\"left\"}},{\"name\":\"Categories\",\"props\":{\"title\":null}},{\"name\":\"Offers\",\"props\":{\"title\":\"Special Offers\",\"theme\":\"light\"}},{\"name\":\"Menu\",\"props\":{\"title\":\"Our Menu\",\"categories\":[64,65]}},{\"name\":\"Cta\",\"props\":{\"theme\":\"dark\",\"bg\":\"dark\",\"image\":{\"title\":\"Image Title\",\"url\":\"45462253243f6c97f854272b5eab7769.webp\"},\"title\":\"Check our promo video!\",\"tagline\":\"Book a table even right now or make an online order!\",\"link\":{\"title\":\"Order now!\",\"slug\":\"menu-grid-navigation\"}}}],\"settings\":{\"headerTransparent\":true,\"hideHeaderLogo\":false}}','2022-02-23 00:13:35'),(103,'page_contact','{\"pageTitle\":{\"title\":\"Contact\",\"theme\":\"light\",\"tagline\":\"Some informations about our restaurant\"},\"breakTime\":{\"start\":\"13:00\",\"end\":\"13:30\"},\"sections\":[{\"name\":\"Location\",\"props\":{\"location\":{\"name\":\"Soup Restaurant\",\"address\":{\"street\":\"St John 21\\/52\",\"city\":\"Carcow\",\"contry\":\"Poland\"},\"phone\":\"+48 21200 2122 221\",\"email\":\"hello@example.com\",\"lat\":40.758895,\"lng\":-73.985131,\"openHours\":[{\"days\":[0],\"openHour\":\"12:00\",\"closeHour\":\"22:00\"},{\"days\":[1,2,3,4,5],\"openHour\":\"8:00\",\"closeHour\":\"20:00\"},{\"days\":[6],\"openHour\":\"12:00\",\"closeHour\":\"24:00\"}],\"id\":\"196\"},\"reverse\":true}}],\"locations\":[\"196\",\"220\"]}','2021-12-29 23:07:34'),(105,'settings_pickup_areas','[{\"zipCode\":\"N\\/A\",\"city\":\"Soup Restaurant, St John 21\\/52, Carcow, Poland\",\"deliveryCost\":\"0\"},{\"zipCode\":\"N\\/A\",\"city\":\"Sushitown, Noya Ati, Siddhirganj, Narayanganj, Bangladesh\",\"deliveryCost\":\"0\"}]','2022-02-11 18:05:23'),(106,'settings_tax','5.5','2022-02-11 18:05:25');
/*!40000 ALTER TABLE `settings` ENABLE KEYS */;
UNLOCK TABLES;

--
-- Table structure for table `user_meta`
--

DROP TABLE IF EXISTS `user_meta`;
/*!40101 SET @saved_cs_client     = @@character_set_client */;
/*!40101 SET character_set_client = utf8 */;
CREATE TABLE `user_meta` (
  `id` int(25) NOT NULL AUTO_INCREMENT,
  `user_id` int(25) NOT NULL,
  `meta_key` varchar(255) NOT NULL,
  `meta_value` text DEFAULT NULL,
  `datetime` datetime NOT NULL,
  PRIMARY KEY (`id`),
  UNIQUE KEY `user_meta` (`user_id`,`meta_key`),
  CONSTRAINT `user_meta_ibfk_1` FOREIGN KEY (`user_id`) REFERENCES `users` (`id`) ON DELETE CASCADE ON UPDATE CASCADE
) ENGINE=InnoDB AUTO_INCREMENT=49 DEFAULT CHARSET=utf8mb4;
/*!40101 SET character_set_client = @saved_cs_client */;

--
-- Dumping data for table `user_meta`
--

LOCK TABLES `user_meta` WRITE;
/*!40000 ALTER TABLE `user_meta` DISABLE KEYS */;
INSERT INTO `user_meta` VALUES (19,241,'user_image','8b0662e39e78bba41ba123c9dfc14336.webp','2022-02-17 19:20:15'),(24,240,'push_token','eFQUC2JFJBGY2q9xFcvcIn:APA91bFCaDPilIxFZG7Yv9EFo_LsTG7MGemuMdqGbEcQZchdNEC9OzPZxOng0n2zxmZ__rdB3vJaTL7WlFGJMIY9bi3nKylDrO2FBJ7pN8f4Z8KBxAwyrihRn7wXRS8sJM9IJr6pwXGu','2022-02-24 13:27:27'),(25,244,'user_image','9872e39b9b91b0fb41f31246644a44df.webp','2022-02-20 22:54:37'),(28,253,'address','address goes here','2022-02-03 17:02:41'),(29,254,'address','N/A','2022-02-07 19:48:44'),(30,244,'push_token','eFQUC2JFJBGY2q9xFcvcIn:APA91bFCaDPilIxFZG7Yv9EFo_LsTG7MGemuMdqGbEcQZchdNEC9OzPZxOng0n2zxmZ__rdB3vJaTL7WlFGJMIY9bi3nKylDrO2FBJ7pN8f4Z8KBxAwyrihRn7wXRS8sJM9IJr6pwXGu','2022-02-20 22:54:37'),(31,258,'address','Noya Ati, Rosulbag, Siddhirganj','2022-02-17 18:53:58'),(32,258,'zip','1430','2022-02-17 18:53:58'),(33,258,'city','Narayanganj','2022-02-17 18:53:58'),(34,258,'country','Bangladesh','2022-02-17 18:53:58'),(35,240,'image','c35f61becd43d2ff9933e15c39aebb5a.webp','2022-02-17 19:06:36'),(36,241,'address','24','2022-02-17 19:20:15'),(37,241,'zip','75001','2022-02-17 19:20:15'),(38,241,'city','Paris','2022-02-17 19:20:15'),(39,241,'country','France','2022-02-17 19:20:15'),(40,244,'address','Noya Ati, Rosulbag, Siddhirganj, Narayanganj ','2022-02-20 22:54:37'),(41,244,'zip','1200','2022-02-20 22:54:37'),(42,244,'city','Narayanganj','2022-02-20 22:54:37'),(43,244,'country','Bangladesh','2022-02-20 22:54:37'),(44,264,'address','address','2022-02-22 22:55:38'),(45,265,'address','dklsjf klsdjfk','2022-02-22 23:01:25'),(46,266,'address','address goes here','2022-02-22 23:25:05'),(47,267,'address','lng address','2022-02-22 23:29:32'),(48,268,'address','falkdfjlkdjf','2022-02-22 23:33:00');
/*!40000 ALTER TABLE `user_meta` ENABLE KEYS */;
UNLOCK TABLES;

--
-- Table structure for table `user_roles`
--

DROP TABLE IF EXISTS `user_roles`;
/*!40101 SET @saved_cs_client     = @@character_set_client */;
/*!40101 SET character_set_client = utf8 */;
CREATE TABLE `user_roles` (
  `id` int(10) NOT NULL AUTO_INCREMENT,
  `role_code` int(10) NOT NULL,
  `role_name` varchar(100) NOT NULL,
  PRIMARY KEY (`id`),
  UNIQUE KEY `role_code` (`role_code`)
) ENGINE=InnoDB AUTO_INCREMENT=17 DEFAULT CHARSET=utf8mb4;
/*!40101 SET character_set_client = @saved_cs_client */;

--
-- Dumping data for table `user_roles`
--

LOCK TABLES `user_roles` WRITE;
/*!40000 ALTER TABLE `user_roles` DISABLE KEYS */;
INSERT INTO `user_roles` VALUES (11,0,'Super Admin'),(12,1,'Admin'),(13,2,'Owner'),(14,3,'Manager'),(15,4,'Seller'),(16,5,'Customer');
/*!40000 ALTER TABLE `user_roles` ENABLE KEYS */;
UNLOCK TABLES;

--
-- Table structure for table `users`
--

DROP TABLE IF EXISTS `users`;
/*!40101 SET @saved_cs_client     = @@character_set_client */;
/*!40101 SET character_set_client = utf8 */;
CREATE TABLE `users` (
  `id` int(25) NOT NULL AUTO_INCREMENT,
  `username` varchar(255) NOT NULL,
  `full_name` varchar(255) NOT NULL,
  `email` varchar(255) NOT NULL,
  `password` text NOT NULL,
  `phone` varchar(255) DEFAULT NULL,
  `otp` int(10) DEFAULT NULL,
  `role` int(10) DEFAULT NULL,
  `datetime` datetime NOT NULL,
  `last_seen` datetime NOT NULL,
  PRIMARY KEY (`id`),
  UNIQUE KEY `username` (`username`),
  UNIQUE KEY `email` (`email`),
  UNIQUE KEY `phone` (`phone`),
  KEY `role` (`role`),
  CONSTRAINT `users_ibfk_1` FOREIGN KEY (`role`) REFERENCES `user_roles` (`role_code`) ON DELETE SET NULL ON UPDATE SET NULL
) ENGINE=InnoDB AUTO_INCREMENT=269 DEFAULT CHARSET=utf8mb4;
/*!40101 SET character_set_client = @saved_cs_client */;

--
-- Dumping data for table `users`
--

LOCK TABLES `users` WRITE;
/*!40000 ALTER TABLE `users` DISABLE KEYS */;
INSERT INTO `users` VALUES (240,'admin','Admin','admin@example.com','$2y$10$.Tt/rTFl/or0QnBioz1OCOchuv65C5HyJVpRPOmLWYIVgBO7FvEiC','1234567890',NULL,0,'2021-11-26 16:33:55','2022-02-24 13:29:38'),(241,'seller','Seller Name','seller@example.com','$2y$10$Zen5dedgnjRBQl/bifmU5Oyc0/fTik5x9ejF..BoZU3T.OcKnMzdy','12287382378',NULL,4,'2021-12-13 19:11:22','2021-12-13 19:11:22'),(244,'opu','Obayed Ur Rahman Opu','obayed.opu@gmail.com','$2y$10$MAvmVDclRJNcQ1ftiDT1kuteNUA9C94oFu8rC.N9muqPGEMMabiWm','8801304461899',NULL,5,'2022-01-04 19:12:48','2022-02-23 20:38:21'),(245,'0132374847','Test User','email@email.com','$2y$10$vk2YjrwFhDvf6LWvRg9ky.Y9/7t2MsbHLEe5Wc0cKMSe0MUTJ1VTO','132374847',NULL,5,'2022-02-01 22:14:20','2022-02-01 22:14:20'),(250,'2324344545','New Customer','email@amail.com','$2y$10$dI8e.JjoVHgRqGPDRUQhPOHbWPdLpD8s4RbUsH8I77mGPe/lmmqsq','2324344545',NULL,5,'2022-02-02 01:48:43','2022-02-02 01:48:43'),(253,'343435454','Street User','34343@example.com','$2y$10$4.uKpED.0kp7ppM.SC7.I.Aw4.A/FdknqtvCARDXNr6PLgzTokRcO','343435454',NULL,5,'2022-02-03 17:02:41','2022-02-03 17:02:41'),(254,'n/a','Walk In Customer','n/a','$2y$10$Ao40HUf3uLv99ydigw53UOh4HWq3GFAGESFlF163toCGfaq2cvXRm','',NULL,5,'2022-02-07 19:48:44','2022-02-07 19:48:44'),(258,'newcustomer','New Customer','newcustomer@example.com','$2y$10$0HLu8OEMG.nEelP9GfuwkuBMokX6BtywJ.0NlsZE.vlyTZAgtU71W','423353546',NULL,5,'2022-02-17 18:29:46','2022-02-17 18:29:46'),(264,'49589485948','Walk In New','akfjalks@example.com','$2y$10$M2oD6S0xdM0SaKRPDDAu/.1p/ruwvhQvA5nL5xk1PESwP4475jRuu','49589485948',NULL,5,'2022-02-22 22:55:37','2022-02-22 22:55:37'),(265,'3534578475','Walk In XYDa','ekljfkljksfj@example.com','$2y$10$4ttbpvUMucAmILD0Uo8BsuKQ/P4l2VRYWow6GhNO6CBPQ6jpnWfnm','3534578475',NULL,5,'2022-02-22 23:01:25','2022-02-22 23:01:25'),(266,'6456546564','Walk In Fgisgjioffgio','asfjklas@example.com','$2y$10$uxCBVztlcHJOgCgaZSLgKuBRoLd4JgH8t7zZDRqOsdHqvq2AMgaNO','6456546564',NULL,5,'2022-02-22 23:25:05','2022-02-22 23:25:05'),(267,'545656745','Walk In Fdfadfadf','dhfhdfhd@example.com','$2y$10$lsQu9z4CGToqOAZmjLagRumWA/HWRlb77z.PyeDTNG8Rycuz4v3MG','545656745',NULL,5,'2022-02-22 23:29:31','2022-02-22 23:29:31'),(268,'4546465','Long User','fklasdjflkajlkf@kfajsldfk.com','$2y$10$unsh/JHUPohV5BHhRQpMyOnBku8do1HT7vXLQyuWua58eMjI5my6O','4546465',NULL,5,'2022-02-22 23:33:00','2022-02-22 23:33:00');
/*!40000 ALTER TABLE `users` ENABLE KEYS */;
UNLOCK TABLES;
/*!40103 SET TIME_ZONE=@OLD_TIME_ZONE */;

/*!40101 SET SQL_MODE=@OLD_SQL_MODE */;
/*!40014 SET FOREIGN_KEY_CHECKS=@OLD_FOREIGN_KEY_CHECKS */;
/*!40014 SET UNIQUE_CHECKS=@OLD_UNIQUE_CHECKS */;
/*!40101 SET CHARACTER_SET_CLIENT=@OLD_CHARACTER_SET_CLIENT */;
/*!40101 SET CHARACTER_SET_RESULTS=@OLD_CHARACTER_SET_RESULTS */;
/*!40101 SET COLLATION_CONNECTION=@OLD_COLLATION_CONNECTION */;
/*!40111 SET SQL_NOTES=@OLD_SQL_NOTES */;

-- Dump completed on 2022-02-24 13:30:25
